id,project_name,activity_type,summary,key_links,referral_links,deadline,required_actions_summary,source_channel,source_message_link,message_timestamp,full_message_text,raw_llm_output,processed_at,needs_review,is_duplicate,suggested_notion_section,perplexity_raw,embedding,summary_embedding,message_focus,is_node_opportunity,mentioned_tickers
13cf67b5-3894-4b65-b521-e81a633ca222,Huddle,Quest/Task,"A new Huddle quest is available on the Intract platform, offering XP and $HUDL tokens as rewards.  A deadline of April 21st is set.",[],"[""https://quest.intract.io/quest/67f3a57697dc0ffa1250667d?referralCode=33EZNl&referralSource=QUEST_PAGE&referralLink=https%3A%2F%2Fquest.intract.io%2Fquest%2F67f3a57697dc0ffa1250667d%3FreferralCode%3DqYt2f8%26referralSource%3DQUEST_PAGE%26referralLink%3Dhttps%253A%252F%252Fquest.intract.io%252Fquest%252F67f3a57697dc0ffa1250667d%253Futm_source%253Dtwitter_b2c%2526utm_medium%253Dtwitter_b2c_enterprise_hudl_nexus%2526utm_campaign%253Dtwitter_b2c_enterprise_hudl_nexus%2526utm_id%253Dtwitter_b2c_enterprise_hudl_nexus""]",21 –∞–ø—Ä–µ–ª—è,Complete tasks on the provided Intract quest page.,Easy Crypto,https://t.me/c/1587996358/2530,2025-04-15 10:20:11+00,"**Easy Daily!**  ‚úçÔ∏è
**
****#Huddle**
–û—á–µ—Ä–µ–¥–Ω–æ–π –∫–≤–µ—Å—Ç –æ—Ç [Huddle01](https://x.com/huddle01com), –Ω–∞ —ç—Ç–æ —Ä–∞–∑ –Ω–∞ –ø–ª–∞—Ç—Ñ–æ—Ä–º–µ [Intract](https://x.com/Intract_HQ).
**–ù–∞—à–∏ –¥–µ–π—Å—Ç–≤–∏—è:**
‚Ä¢ –ü–µ—Ä–µ—Ö–æ–¥–∏–º –Ω–∞ [—Å—Ç—Ä–∞–Ω–∏—Ü—É](https://quest.intract.io/quest/67f3a57697dc0ffa1250667d?referralCode=33EZNl&referralSource=QUEST_PAGE&referralLink=https%3A%2F%2Fquest.intract.io%2Fquest%2F67f3a57697dc0ffa1250667d%3FreferralCode%3DqYt2f8%26referralSource%3DQUEST_PAGE%26referralLink%3Dhttps%253A%252F%252Fquest.intract.io%252Fquest%252F67f3a57697dc0ffa1250667d%253Futm_source%253Dtwitter_b2c%2526utm_medium%253Dtwitter_b2c_enterprise_hudl_nexus%2526utm_campaign%253Dtwitter_b2c_enterprise_hudl_nexus%2526utm_id%253Dtwitter_b2c_enterprise_hudl_nexus) —Å –∑–∞–¥–∞–Ω–∏—è–º–∏;
‚Ä¢ –û—Ç—Ä–∞–±–∞—Ç—ã–≤–∞–µ–º –≤—Å–µ —Ç–∞—Å–∫–∏;
‚Ä¢ –ü–æ–ª—É—á–∞–µ–º Xps –∏ —á–∞—Å—Ç—å —Ç–æ–∫–µ–Ω–æ–≤ $HUDL –∏–∑ –ø—É–ª–∞;
**–î–µ–¥–ª–∞–π–Ω:** 21 –∞–ø—Ä–µ–ª—è. –î–æ—Å—Ç—É–ø–µ–Ω –Ω–∞—à [–≥–∞–π–¥](https://t.me/easycryptv/2525) –ø–æ –æ—Ç—Ä–∞–±–æ—Ç–∫–µ –ø—Ä–æ–µ–∫—Ç–∞.

**#Opensea**
[OpenSea](https://x.com/opensea) [–æ—Ç–∫—Ä—ã–ª–∏](https://x.com/opensea/status/1911911008794460360) —Ç–æ—Ä–≥–æ–≤–ª—é —Ç–æ–∫–µ–Ω–∞–º–∏ –≤ —Å–µ—Ç–∏ [Solana](https://x.com/solana) –¥–ª—è –Ω–µ–∫–æ—Ç–æ—Ä—ã—Ö –ø–æ–ª—å–∑–æ–≤–∞—Ç–µ–ª–µ–π –∑–∞–∫—Ä—ã—Ç–æ–π –±–µ—Ç–∞-–≤–µ—Ä—Å–∏–∏. –í –±–ª–∏–∂–∞–π—à–∏–µ –Ω–µ–¥–µ–ª–∏ –æ–Ω–∞ —Å—Ç–∞–Ω–µ—Ç –¥–æ—Å—Ç—É–ø–Ω–∞ –∏ –¥–ª—è –¥—Ä—É–≥–∏—Ö. –ü–æ –∂–µ–ª–∞–Ω–∏—é –æ—Å—Ç–∞–≤–ª—è–µ–º —Å–≤–æ–π –∞–¥—Ä–µ—Å –≤ –∫–æ–º–º–µ–Ω—Ç–∞—Ö –∫ [–ø–æ—Å—Ç—É](https://x.com/opensea/status/1911911008794460360), —á—Ç–æ–±—ã –ø–æ–ª—É—á–∏—Ç—å –¥–æ—Å—Ç—É–ø –ø–æ—Ä–∞–Ω—å—à–µ.
**
****#Rise****
**–í—Å—Ç—É–ø–∞–µ–º –≤** **Guild –æ—Ç –ø—Ä–æ–µ–∫—Ç–∞ [Rise](https://x.com/rise_chain) –∏ –ø–æ–ª—É—á–∞–µ–º —Ä–æ–ª–∏. –î–ª—è —ç—Ç–æ–≥–æ –ø–µ—Ä–µ—Ö–æ–¥–∏–º –ø–æ [—Å—Å—ã–ª–∫–µ](https://guild.xyz/rise-chain). –¢–∞–∫–∂–µ –≤ –Ω–∞–ª–∏—á–∏–∏ –∏–º–µ–µ—Ç—Å—è [–≥–∞–π–¥](https://t.me/easycryptv/2523), –≥–¥–µ –º–æ–∂–Ω–æ –æ–∑–Ω–∞–∫–æ–º–∏—Ç—å—Å—è —Å –∞–∫—Ç–∏–≤–Ω–æ—Å—Ç—è–º–∏ –≤ —Ç–µ—Å—Ç–æ–≤–æ–π —Å–µ—Ç–∏.**

****#WalletConnect**
–í 14:00 –ø–æ –ú–°–ö —Å–æ—Å—Ç–æ–∏—Ç—Å—è –ª–∏—Å—Ç–∏–Ω–≥ $WCT –Ω–∞ [Bybit](https://www.bybit.com/ru-RU), [Okx](https://www.okx.com/ru), [Mexc](https://www.mexc.com/ru-RU) –∏ –¥—Ä—É–≥–∏—Ö –±–∏—Ä–∂–∞—Ö. –°–∞–º—ã–º –ø—Ä–æ—Å—Ç—ã–º –∂–µ —Å–ø–æ—Å–æ–±–æ–º –±—É–¥–µ—Ç —Å–ª–∏—Ç—å —Å–≤–æ–∏ —Ç–æ–∫–µ–Ω—ã –Ω–∞ –ø–ª–æ—â–∞–¥–∫–µ [1inch](https://app.1inch.io/#/1/simple/swap/1:ETH?r=ab000310). –°–µ—Ç—å [Optimism](https://x.com/Optimism).
Ca: `0xeF4461891DfB3AC8572cCf7C794664A8DD927945`.
–°–∫–æ–ª—å–∫–æ –∫–æ–º—É –º–æ–Ω–µ—Ç —É–¥–∞–ª–æ—Å—å –∑–∞–ª—É—Ç–∞—Ç—å? üòï

[**Easy Crypto**](https://t.me/easycryptv)[** **](https://t.me/+grnIOdpVJRZhYTVi)**|**[** **](https://t.me/+grnIOdpVJRZhYTVi)[**–ß–∞—Ç**](https://t.me/easycryptv_chat)** | **[**Follow**](https://t.me/easy_foIIow)",,2025-04-16 11:37:28.313872+00,true,false,,,,,Project Update,false,
651ad09c-5263-4419-aaa8-eaad75050607,Gradient Network,General Update,Gradient Network has announced the completion of Season 0 and the start of Season 1.  Users can continue farming with the browser extension.,"[""https://t.me/CryptoEarnImp/9706""]","[""https://app.gradient.network/signup?code=L6X7AG""]",,No actions required; continue farming.,CryptoEarn Important,https://t.me/c/1454879562/10215,2025-04-15 10:16:25+00,"**Gradient Network –∞–Ω–æ–Ω—Å–∏—Ä–æ–≤–∞–ª–∏ –∑–∞–≤–µ—Ä—à–µ–Ω–∏–µ Season 0**

–° —Å–µ–≥–æ–¥–Ω—è—à–Ω–µ–≥–æ —Å—Ç–∞—Ä—Ç–æ–≤–∞–ª Season 1. –ù–∏–∫–∞–∫–∏—Ö –¥–µ–π—Å—Ç–≤–∏–π —Å–æ–≤–µ—Ä—à–∞—Ç—å –Ω–µ –Ω—É–∂–Ω–æ, –ø—Ä–æ—Å—Ç–æ –ø—Ä–æ–¥–æ–ª–∂–∞–µ–º —Ñ–∞—Ä–º–∏—Ç—å.

–ù–∞–ø–æ–º–Ω–∏–º, Gradient Network —Ñ–∞—Ä–º–∏—Ç—Å—è —á–µ—Ä–µ–∑ —Ä–∞—Å—à–∏—Ä–µ–Ω–∏–µ –±—Ä–∞—É–∑–µ—Ä–∞ –ø–æ —Ç–∏–ø—É Grass. –ó–∞—Ç—Ä–∞—Ç—ã –ø–æ –¥–µ–Ω—å–≥–∞–º –∏ –≤—Ä–µ–º–µ–Ω–∏ –Ω—É–ª–µ–≤—ã–µ, –µ—Å–ª–∏ –µ—â–µ –Ω–µ —Ñ–∞—Ä–º–∏—Ç–µ —Ç–æ –∑–∞–ª–µ—Ç–∞–µ–º. 

üîó [**–°—Å—ã–ª–∫–∞ –Ω–∞ —Ä–µ–≥–∏—Å—Ç—Ä–∞—Ü–∏—é –≤ Gradient Network**](https://app.gradient.network/signup?code=L6X7AG)

–ü–æ—Å–ª–µ —Ä–µ–≥–∏—Å—Ç—Ä–∞—Ü–∏–∏ –∫–∞—á–∞–µ–º —Ä–∞—Å—à–∏—Ä–µ–Ω–∏–µ –∏ –Ω–∞—á–∏–Ω–∞–µ–º —Ñ–∞—Ä–º.

–ü–æ–¥—Ä–æ–±–Ω–æ –æ –ø—Ä–æ–µ–∫—Ç–µ —Ä–∞—Å—Å–∫–∞–∑—ã–≤–∞–ª–∏ –≤ [**—ç—Ç–æ–º –ø–æ—Å—Ç–µ**](https://t.me/CryptoEarnImp/9706).",,2025-04-16 11:37:22.215016+00,true,false,,,,,Project Update,false,
8daf5e37-bd39-447a-9091-18cbd6339d7b,$WCT,General Update,"Trading of $WCT tokens has resumed on major exchanges after a transfer blockage. Listings are occurring on OKX, Binance, KuCoin, Bybit, Bitget, and MEXC, with some exchanges enabling withdrawals only the following day.",[],"[""https://www.okx.com/join/CRYPTONXYZ"",""https://www.binance.com/join?ref=MMDI2DMS"",""https://www.kucoin.com/ucenter/signup?x=l&rcode=22u6Nax"",""https://partner.bybit.com/b/cryptonxyz"",""https://partner.bitget.com/bg/Cryptonxyz"",""https://m.mexc.com/auth/signup?inviteCode=1FEBh""]",,"Deposit and trade $WCT on listed exchanges, noting that some exchanges will only allow withdrawals the next day.","CRYPTON | –ë–∏—Ç–∫–æ–∏–Ω, DeFi, WEB 3",https://t.me/c/1307909848/15183,2025-04-15 10:06:41+00,"üí∞ **$WCT**** —É–∂–µ –º–æ–∂–Ω–æ –≤–Ω–æ—Å–∏—Ç—å –Ω–∞ –±–∏—Ä–∂–∏**

–ë–ª–æ–∫–∏—Ä–æ–≤–∫–∞ –ø–µ—Ä–µ–≤–æ–¥–æ–≤ —Ç–æ–∫–µ–Ω–æ–≤ [**—Å–Ω—è—Ç–∞**](https://t.me/walletconnect/286270). 

**üí°**** –ß–µ—Ä–µ–∑ —á–∞—Å —Å–æ—Å—Ç–æ—è—Ç—Å—è –ª–∏—Å—Ç–∏–Ω–≥–∏ –Ω–∞: **
[**OKX**](https://www.okx.com/join/CRYPTONXYZ)**, **[**Binance**](https://www.binance.com/join?ref=MMDI2DMS), [**KuCoin**](https://www.kucoin.com/ucenter/signup?x=l&rcode=22u6Nax)**, **[**Bybit**](https://partner.bybit.com/b/cryptonxyz)**, **[**Bitget**](https://partner.bitget.com/bg/Cryptonxyz)** –∏ **[**MEXC**](https://m.mexc.com/auth/signup?inviteCode=1FEBh)**.**

__–ë—É–¥—å—Ç–µ –≤–Ω–∏–º–∞—Ç–µ–ª—å–Ω—ã, –Ω–µ–∫–æ—Ç–æ—Ä—ã–µ –±–∏—Ä–∂–∏ –æ—Ç–∫—Ä–æ—é—Ç –≤—ã–≤–æ–¥—ã ____$WCT____ —Ç–æ–ª—å–∫–æ –∑–∞–≤—Ç—Ä–∞!__

–¶–µ–Ω–∞ –Ω–∞ [**–ø—Ä–µ-–º–∞—Ä–∫–µ—Ç–µ Bitget**](https://www.bitget.com/fr/pre-market/WCTUSDT): $0,4.

[**–ó–∞—Ä–∞–±–∞—Ç—ã–≤–∞–µ–º –≤–º–µ—Å—Ç–µ**](https://crypton.xyz/news1) |** **[**–û–±–º–µ–Ω–Ω–∏–∫**](https://t.me/exchange_crypton_bot) |** **[**–≠–∫–æ—Å–∏—Å—Ç–µ–º–∞ Crypton**](https://crypton.xyz/news)",,2025-04-16 11:37:18.468819+00,true,false,,,,,Project Update,false,
a9e7b4b8-fe55-4271-bff9-38bbe7bf2ad5,WalletConnect,Token Sale/IDO,"WalletConnect ($WCT) token is now tradable after a long wait, listing on major exchanges like Binance, OKX, Bybit, MEXC, Bitget, Kucoin, and Crypto.com.  Deposits opened April 15th, 13:00 MSK, with listing at 14:00 MSK.","[""https://www.bitget.com/pre-market/WCTUSDT""]","[""https://www.binance.com/activity/referral-entry/CPA?ref=CPA_00OBJ6W8EK"",""https://www.okx.com/join/1858512"",""https://www.bybit.com/invite?ref=27RMP"",""https://www.mexc.com/ru-RU"",""https://www.bitget.com/ru/events/launchx/10476"",""https://www.kucoin.com/r/rf/QBSDJ2UK"",""https://crypto.com/""]",,Send tokens to exchanges via Optimism network.,Crypto Fortochka,https://t.me/c/1254398467/2334,2025-04-15 10:01:01+00,"**WalletConnect. –ü—Ä–æ–¥–∞–µ–º —Ç–æ–∫–µ–Ω—ã** üòï

–î–æ–∂–¥–∞–ª–∏—Å—å! –†–µ–±—è—Ç–∞, –∫–æ–Ω–µ—á–Ω–æ, –∑–∞—Ç—è–Ω—É–ª–∏ —Å –≤—ã—Ö–æ–¥–æ–º –¥—Ä–æ–ø–∞ ‚Äî –∂–¥–∞–ª–∏ –º—ã –µ–≥–æ –¥–æ–≤–æ–ª—å–Ω–æ –¥–æ–ª–≥–æ, –Ω–æ, —Å—É–¥—è –ø–æ –≤—Å–µ–º—É, –æ–Ω–æ —Ç–æ–≥–æ —Å—Ç–æ–∏–ª–æ, –≤–µ–¥—å —Ç–æ–∫–µ–Ω –ª–∏—Å—Ç–∏—Ç—Å—è —Å—Ä–∞–∑—É –Ω–∞ –≤—Å–µ—Ö —Ç–æ–ø–æ–≤—ã—Ö –±–∏—Ä–∂–∞—Ö


üñ§–ù–∞–ø–æ–º–Ω—é! –µ—â—ë –≤ —Å–µ–Ω—Ç—è–±—Ä–µ –º—ã –ø—Ä–æ—Ö–æ–¥–∏–ª–∏ [**—Ä–µ–≥–∏—Å—Ç—Ä–∞—Ü–∏—é**](https://t.me/cryptoforto/1488) –Ω–∞ –¥—Ä–æ–ø –æ—Ç **WalletConnect**, –ø–æ–∑–∂–µ —Å–¥–µ–ª–∞–ª–∏ [**–∫–ª–µ–π–º**](https://t.me/cryptoforto/1488) —Ç–æ–∫–µ–Ω–æ–≤ $WCT, –Ω–æ –æ–Ω–∏ –±—ã–ª–∏ –Ω–µ–ø–µ—Ä–µ–¥–∞–≤–∞–µ–º—ã–º–∏. **–ò –≤–æ—Ç ‚Äî —Å–ø—É—Å—Ç—è –ø–æ—á—Ç–∏ –ø–æ–ª–≥–æ–¥–∞ ‚Äî –Ω–∞–∫–æ–Ω–µ—Ü-—Ç–æ –ø–æ—è–≤–∏–ª–∞—Å—å –≤–æ–∑–º–æ–∂–Ω–æ—Å—Ç—å –∏—Ö –ø—Ä–æ–¥–∞—Ç—å**


üñ§**WalletConnect. –î–µ—Ç–∞–ª–∏ –ª–∏—Å—Ç–∏–Ω–≥–∞**
üü£–û–±—â–∏–π —Å–∞–ø–ª–∞–π —Ç–æ–∫–µ–Ω–æ–≤ $WCT ‚Äî **1–º–ª—Ä–¥.**
üü£–ò–∑–Ω–∞—á–∞–ª—å–Ω—ã–π —Å–∞–ø–ª–∞–π —Ç–æ–∫–µ–Ω–æ–≤ $WCT ‚Äî **186.2M**
üü£–ù–∞ **Launchpool** –≤—ã–¥–µ–ª–∏–ª–∏ ‚Äî **40M**
üü£–¶–µ–Ω–∞ —Ç–æ–∫–µ–Ω–∞ –Ω–∞ [**–ø—Ä–µ–º–∞—Ä–∫–µ—Ç–µ**](https://www.bitget.com/pre-market/WCTUSDT) ‚Äî $0.40
üü£–û–±—â–∏–π **FDV** –ø–æ —Ü–µ–Ω–µ –Ω–∞ [**–ø—Ä–µ–º–∞—Ä–∫–µ—Ç–µ**](https://www.bitget.com/pre-market/WCTUSDT) ‚Äî $400M
üü£–î–µ–ø–æ–∑–∏—Ç —Ç–æ–∫–µ–Ω–æ–≤ $WCT –æ—Ç–∫—Ä—ã–ª–∏ **15.04 –≤ 13:00 –ú–°–ö**
üü£–õ–∏—Å—Ç–∏–Ω–≥ –∑–∞–ø–ª–∞–Ω–∏—Ä–æ–≤–∞–Ω –Ω–∞ **15.04 –≤ 14:00 –ú–°–ö**
üü£–õ–∏—Å—Ç–∏–Ω–≥–∏: [**Binance**](https://www.binance.com/activity/referral-entry/CPA?ref=CPA_00OBJ6W8EK), [**OKX**](https://www.okx.com/join/1858512), [**Bybit**](https://www.bybit.com/invite?ref=27RMP), [**MEXC**](https://www.mexc.com/ru-RU), [**Bitget**](https://www.bitget.com/ru/events/launchx/10476), [**Kucoin**](https://www.kucoin.com/r/rf/QBSDJ2UK), [**Crypto.com**](https://crypto.com/)** **


üñ§–ê–¥—Ä–µ—Å —Ç–æ–∫–µ–Ω–∞: `0xeF4461891DfB3AC8572cCf7C794664A8DD927945`


üñ§–ü–æ–¥–º–µ—á—É! –†–∞–Ω–µ–µ –Ω—É–∂–Ω–æ –±—ã–ª–æ —É—Å–ø–µ—Ç—å –∑–∞–∫–ª–µ–π–º–∏—Ç—å —Ç–æ–∫–µ–Ω—ã $WCT ‚Äî —Å–µ–π—á–∞—Å –∫–ª–µ–π–º —É–∂–µ –∑–∞–∫—Ä—ã—Ç. –ù–æ, —Ç–æ–∫–µ–Ω—ã —Å—Ç–∞–ª–∏ –ø–µ—Ä–µ–¥–∞–≤–∞–µ–º—ã–º–∏, –¥–µ–ø–æ–∑–∏—Ç—ã —É–∂–µ –æ—Ç–∫—Ä—ã—Ç—ã, –∏ —Ç–µ–ø–µ—Ä—å –∏—Ö –º–æ–∂–Ω–æ –æ—Ç–ø—Ä–∞–≤–ª—è—Ç—å –Ω–∞ –±–∏—Ä–∂–∏ —á–µ—Ä–µ–∑ —Å–µ—Ç—å **Optimism**


üñ§**–ë—É–¥—É –ª–∏ —è –ø—Ä–æ–¥–∞–≤–∞—Ç—å?
**üñ§–ù–∞—á–Ω—É —Å —Ç–æ–≥–æ, —á—Ç–æ —É –º–µ–Ω—è –º–∞–ª–æ–µ –∫–æ–ª–∏—á–µ—Å—Ç–≤–æ —Ç–æ–∫–µ–Ω–æ–≤, –ø–ª—é—Å —è –Ω–µ–º–Ω–æ–≥–æ –¥–æ–∫—É–ø–∞–ª –Ω–∞ –ø—Ä–µ–º–∞—Ä–∫–µ—Ç–µ –ø–æ —Å—Ä–µ–¥–Ω–µ–π —Ü–µ–Ω–µ –æ–∫–æ–ª–æ $0.33. –ü–æ—ç—Ç–æ–º—É, —Å–∫–æ—Ä–µ–µ –≤—Å–µ–≥–æ, –ø—Ä–æ—Å—Ç–æ –ø–æ–±–∞–ª—É—é—Å—å –Ω–∞ —Å–ø–µ–∫—É–ª—è—Ü–∏—è—Ö ‚Äî –º–æ–∂–µ—Ç, –ø–æ–ª—É—á–∏—Ç—Å—è –≤—ã–ª–æ–≤–∏—Ç—å –∏–Ω—Ç–µ—Ä–µ—Å–Ω—ã–π –º–æ–º–µ–Ω—Ç –∏ –ø—Ä–æ–¥–∞—Ç—å –ø–æ –≤–∫—É—Å–Ω–æ–π —Ü–µ–Ω–µ. **–ù–æ —Å—Ä–∞–∑—É —Å–∫–∞–∂—É: —ç—Ç–æ —á–∏—Å—Ç–æ –ª—É–¥–∫–∞, –∏ –Ω–∏–∫–æ–º—É –Ω–µ —Å–æ–≤–µ—Ç—É—é –ø–æ–≤—Ç–æ—Ä—è—Ç—å –º–æ–∏ –¥–µ–π—Å—Ç–≤–∏—è. –í—Å—ë –Ω–∞ —Å–≤–æ–π —Å—Ç—Ä–∞—Ö –∏ —Ä–∏—Å–∫**


–û–∂–∏–¥–∞—é —Ü–µ–Ω—É –≤ —Ä–∞–π–æ–Ω–µ $0.4 - $0.5

üò∂ [CryptoFortochka](https://t.me/cryptoforto)  l  [Chat](https://t.me/+5M-mOEH4gb42NDky)  l  [Navigation](https://t.me/cryptoforto/1796)  l  [Youtube](https://www.youtube.com/@cryptoforto)  l  [Retroactive](http://www.cryptoforto.top/)",,2025-04-16 11:37:13.833185+00,true,false,,,,,Project Update,false,
1e0ba4f8-23e9-466d-bdd1-f1867f68b8d1,,,"Referral link for the game Clash of Coins, highlighting potential earnings from the first season and encouraging participation in the second season.  The message also directs users to contact @wowgodcrypto for questions.",,,,,"–í–æ—Ä–∫ –≤ –∫—Ä–∏–ø—Ç–µ, —Ç–æ–ª—å–∫–æ —Ö–∞—Ä–¥–∫–æ—Ä",https://t.me/c/1774085954/10117,2025-04-15 09:43:50+00,"[Clash of coins](https://clashofcoins.com/?invitationCode=H-djpe-hvcn-4071) (** —Ä–µ—Ñ—Ñ–∫–∞ –∏ –∏–Ω—Ñ–æ—Ä–º–∞—Ü–∏—è –æ—Ç ****@wowgodcrypto** , —Ç–∞–∫–∂–µ –≤–æ–ø—Ä–æ—Å—ã –ø–æ –∏–≥—Ä–µ –º–æ–∂–µ—Ç–µ –µ–º—É –∑–∞–¥–∞–≤–∞—Ç—å ) - **–∏–≥—Ä–∞ –ø–æ–¥ –¥–∏–æ—Ä, **–ø–æ—Å—Ç –∑–∞–∫–∏–Ω—É–ª –ø–æ—Ç–æ–º—É —á—Ç–æ –≤ –ø–µ—Ä–≤–æ–º —Å–µ–∑–æ–Ω–µ –Ω–∞—Ä–æ–¥ –∑–∞–ª—É—Ç–∞–ª —á—Ç–æ-—Ç–æ –µ—Å–ª–∏ —Ñ–∞—Ä–º–∏–ª ( –±–∞–∫—Å–æ–≤ 200-300 ) , –∞ —Ç–∞–∫ –Ω–∞ –∏–≥—Ä—É –ø–æ—Ö–µ—Ä  . 1 –∞–ø—Ä–µ–ª—è —Å—Ç–∞—Ä—Ç–æ–≤–∞–ª –≤—Ç–æ—Ä–æ–π —Å–µ–∑–æ–Ω –∏ –Ω–∞—á–∞–ª—Å—è –∑–∞–Ω–æ–≤–æ —Ñ–∞—Ä–º –ø–æ–∏–Ω—Ç–æ–≤. –ò–≥—Ä—É—à–∫–∞ –Ω–µ –≤ –Ω–∞–ø—Ä—è–≥ (3-5 –º–∏–Ω—É—Ç –≤ –¥–µ–Ω—å). –í –∏–≥—Ä–µ –µ—Å—Ç—å —à–∫–∞–ª–∞ –≤–≤–µ—Ä—Ö –ø—Ä–æ—Ü–µ–Ω—Ç–∞–∂ - –∫–∞–∫ –∑–∞–ø–æ–ª–Ω–∏—Ç—å—Å—è 100% –º–æ–∂–Ω–æ –≤–∏—Ö–æ–¥–∏—Ç—å.  –ö—Ç–æ –ø–æ –∏–≥—Ä–∞–º –º–æ–∂–µ—Ç–µ –ø–æ—Å–º–æ—Ç—Ä–µ—Ç—å –µ—Å–ª–∏ –¥–µ–ª–∞—Ç—å –Ω–µ—á–µ–≥–æ - –Ω–µ —Å—Ç–µ—Å–Ω—è–π—Ç–µ—Å—å –º—É—á–∞—Ç—å –≤–æ–ø—Ä–æ—Å–∞–º–∏ **@wowgodcrypto** , –µ–º—É –ø–æ–ª–µ–∑–Ω–æ
#nftgame #airdrop **always ****#dyor**",,2025-04-16 11:37:08.924715+00,true,false,,,,,Noise/Advertisement,,
cc9c3084-3d7c-4a3d-8ee5-ade2ec64ffe8,Noble,Funding,"Noble, a Cosmos ecosystem project partnered with Circle, offering secure USDC access, secured $18.3M in funding from Paradigm, Polychain Capital, Circle Ventures, and others.  They've launched a points-earning campaign for depositing USDN stablecoin.","[""https://x.com/noble_xyz"",""https://cryptorank.io/price/noble"",""https://www.noble.xyz/blog/points-program"",""https://points.noble.xyz/""]",[],"July 6, 03:00 MSK / Kyiv","Bridge USDC to Noble, exchange for USDN, and deposit into Noble Points Vault. Funds are locked for 30 days.",PROCENT,https://t.me/c/1364089278/7508,2025-04-15 09:43:11+00,"**‚úÖ**** Noble ‚Äî –≤ –Ω–µ–≥–æ –∑–∞–Ω–µ—Å–ª–∏ Paradigm**

[**Noble**](https://x.com/noble_xyz) ‚Äî —ç—Ç–æ –ø—Ä–æ–µ–∫—Ç, –ø–∞—Ä—Ç–Ω—ë—Ä Circle, –∫–æ—Ç–æ—Ä—ã–π —Ä–∞–±–æ—Ç–∞–µ—Ç, –Ω–∞–¥ —Ç–µ–º, —á—Ç–æ–±—ã –¥–∞—Ç—å –≤–æ–∑–º–æ–∂–Ω–æ—Å—Ç—å –ø–æ–ª—å–∑–æ–≤–∞—Ç–µ–ª—è–º —ç–∫–æ—Å–∏—Å—Ç–µ–º—ã Cosmos (IBC) –¥–∞—Ç—å –±–µ–∑–æ–ø–∞—Å–Ω—ã–π –¥–æ—Å—Ç—É–ø –∫ USDC.

[TweetScout ](https://app.tweetscout.io/search?q=https://x.com/noble_xyz)‚Äî 767.

‚ö™Ô∏è–í–ª–æ–∂–µ–Ω–∏—è ‚Äî $1 –∏ –±–æ–ª–µ–µ;
‚ö™Ô∏è–í—Ä–µ–º—è –Ω–∞ –∞–∫—Ç–∏–≤–Ω–æ—Å—Ç–∏ ‚Äî 10 –º–∏–Ω—É—Ç.

–ü—Ä–æ–µ–∫—Ç [–ø—Ä–∏–≤–ª–µ–∫](https://cryptorank.io/price/noble) $18,3 –º–ª–Ω –æ—Ç Paradigm, Polychain Capital, Circle Ventures, Wintermute –∏ –¥—Ä.

[Noble](https://x.com/noble_xyz) —Å–æ–∑–¥–∞–ª —Å–≤–æ–π —Å—Ç–µ–π–±–ª–∫–æ–∏–Ω $USDN, –∫–æ—Ç–æ—Ä—ã–π, –∫–∞–∫ –æ–Ω–∏ –∑–∞–≤–µ—Ä—è—é—Ç, ¬´–ø–ª–∞—Ç–∏—Ç –≤–∞–º –∑–∞ —Ç–æ, —á—Ç–æ –≤—ã –µ–≥–æ –¥–µ—Ä–∂–∏—Ç–µ¬ª.

–í–º–µ—Å—Ç–µ —Å —ç—Ç–∏–º –æ–Ω–∏ –∑–∞–ø—É—Å—Ç–∏–ª–∏ —Å–≤–æ—é [–∫–∞–º–ø–∞–Ω–∏—é](https://x.com/noble_xyz/status/1909614944162648504), –≥–¥–µ –∑–∞ –¥–µ–ø–æ–∑–∏—Ç –≤ —Ç–æ–∫–µ–Ω–µ $USDN –º—ã –±—É–¥–µ–º —Ñ–∞—Ä–º–∏—Ç—å –ø–æ–∏–Ω—Ç—ã. –£—á–∞—Å—Ç–Ω–∏–∫–æ–≤ –≤ —Å–∞–º–æ–π –∫–∞–º–ø–∞–Ω–∏–∏ –Ω–µ —Ç–∞–∫ –º–Ω–æ–≥–æ, –∞ –∑–∞ –±–æ—Ä—Ç–æ–º —Ç—É—Ç Paradigm, Polychain –∏ –¥—Ä—É–≥–∏–µ –∫—Ä—É—Ç—ã–µ —Ñ–æ–Ω–¥—ã. –¢–µ–ø–µ—Ä—å –∫ –¥–µ–π—Å—Ç–≤–∏—é.

**–ß—Ç–æ –Ω—É–∂–Ω–æ?**

üü¢[–ë—Ä–∏–¥–∂–∏–º](https://express.noble.xyz/transfer) USDC –∏–∑ –ª—é–±–æ–π —Å–µ—Ç–∏ –≤ Noble;
üü¢[–û–±–º–µ–Ω–∏–≤–∞–µ–º](https://dollar.noble.xyz/) USDC –Ω–∞ USDN;
üü¢[–î–µ–ø–æ–∑–∏—Ç–∏–º](https://points.noble.xyz/) –≤ –ø—É–ª Noble Points Vault.

–°—Ä–µ–¥—Å—Ç–≤–∞ –Ω–µ–ª—å–∑—è –≤—ã–≤–æ–¥–∏—Ç—å —Ä–∞–Ω—å—à–µ 30-—Ç–∏ –¥–Ω–µ–π —Å –º–æ–º–µ–Ω—Ç–∞ –∑–∞—á–∏—Å–ª–µ–Ω–∏—è, –∏–Ω–∞—á–µ –ø–æ–∏–Ω—Ç—ã —Å–≥–æ—Ä—è—Ç. 

**–ú—É–ª—å—Ç–∏–ø–ª–∏–∫–∞—Ç–æ—Ä—ã:**

–ï—Å—Ç—å —Å–∏—Å—Ç–µ–º–∞ –ø–æ–æ—â—Ä–µ–Ω–∏—è, –ø—Ä–∏ –∫–æ—Ç–æ—Ä–æ–π –¥–ª–∏—Ç–µ–ª—å–Ω–æ–µ —É–¥–µ—Ä–∂–∞–Ω–∏–µ –¥–µ–ø–æ–∑–∏—Ç–∞ –≤ Points Vault —É–≤–µ–ª–∏—á–∏–≤–∞–µ—Ç –∫–æ–ª–∏—á–µ—Å—Ç–≤–æ –Ω–∞—á–∏—Å–ª—è–µ–º—ã—Ö –±–∞–ª–ª–æ–≤:

‚ö™Ô∏è30-59 –î–Ω–µ–π: —Ö1
‚ö™Ô∏è60-89 –î–Ω–µ–π: x1.25
‚ö™Ô∏è90-119 –î–Ω–µ–π: x1.5
‚ö™Ô∏è120+ –î–Ω–µ–π: x1.75

‚Äã–ó–∞ –∫–∞–∂–¥—ã–µ –≤–Ω–µ—Å–µ–Ω–Ω—ã–µ 100 USDN –º—ã –±—É–¥–µ–º –ø–æ–ª—É—á–∞—Ç—å –ø–æ 1 –ø–æ–∏–Ω—Ç—É –µ–∂–µ–¥–Ω–µ–≤–Ω–æ.

**–ö–∞–∫–∏–µ –º—ã—Å–ª–∏?**

–°–∞–º–∞ –∫–æ–º–ø–∞–Ω–∏—è —Å—Ç–∞—Ä—Ç–æ–≤–∞–ª–∞ 5 –º–∞—Ä—Ç–∞ –∏ –±—É–¥–µ—Ç –¥–ª–∏—Ç—å—Å—è 4 –º–µ—Å—è—Ü–∞ (–¥–æ 6 –∏—é–ª—è, 03:00 –ú–°–ö / –ö–∏–µ–≤). –ü–æ —É—á–∞—Å—Ç–Ω–∏–∫–∞–º —Ç—É—Ç –≤—Å–µ –Ω–µ–ø–ª–æ—Ö–æ: –¥–µ–ø–æ–∑–∏—Ç —Å–¥–µ–ª–∞–ª–∏ 8 840 –ø–æ–ª—å–∑–æ–≤–∞—Ç–µ–ª–µ–π, –∞ TVL —Å–æ—Å—Ç–∞–≤–ª—è–µ—Ç $42 –º–ª–Ω. –ù–∞ —Å–∞–º–æ–º —Å–∞–π—Ç–µ –µ—Å—Ç—å [—Ç–∞–π–º–µ—Ä](https://points.noble.xyz/), –æ—Ä–∏–µ–Ω—Ç–∏—Ä—É–µ–º—Å—è –ø–æ –Ω–µ–º—É.

**–ß—Ç–æ –º—ã –∏–º–µ–µ–º –≤ –∏—Ç–æ–≥–µ? **

–¢–æ–ø —Ç–µ—Ö–Ω–æ–ª–æ–≥–∏–∏ + –§–æ–Ω–¥—ã + –ú–∞–ª–æ —é–∑–µ—Ä–æ–≤ = $$$.

–ü–æ–¥—Ä–æ–±–Ω–µ–µ —Å –∫–∞–º–ø–∞–Ω–∏–µ–π –º–æ–∂–Ω–æ –æ–∑–Ω–∞–∫–æ–º–∏—Ç—å—Å—è –≤ [—Å—Ç–∞—Ç—å–µ](https://www.noble.xyz/blog/points-program).

–ó–∞ –∞–ø–¥–µ–π—Ç–∞–º–∏ –º–æ–∂–Ω–æ —Å–ª–µ–¥–∏—Ç—å –≤ [Twitter](https://x.com/noble_xyz).

__#–î—Ä–æ–ø—ã__

ü´° [**LEVEL UP**](https://t.me/upincrypto_bot) | [**PROCENT**](https://procentcrypto.notion.site/)",,2025-04-16 11:37:05.734419+00,true,false,,,,,Project Update,false,
da955f67-34ec-43d7-a767-3c84821e7d18,WalletConnect,Token Sale/IDO,WalletConnect ($WCT) token is listing on multiple exchanges today at 14:00 MSK. Tokens previously available through airdrop and CoinList sale will become transferable.,"[""https://www.kucoin.com/ru/pre-market/WCT""]",[],"Today, 14:00 MSK",,IDO research,https://t.me/c/1216571339/4126,2025-04-15 09:01:51+00,"**WalletConnect: –ª–∏—Å—Ç–∏–Ω–≥ ****$WCT**

–ù–∞–ø–æ–º–Ω–∏–º, —á—Ç–æ –ø—Ä–æ–µ–∫—Ç –≤—ã–¥–µ–ª–∏–ª 5% –æ—Ç –æ–±—â–µ–≥–æ —Å–∞–ø–ø–ª–∞—è –Ω–∞ Airdrop, –æ –∫–æ—Ç–æ—Ä–æ–º –º—ã —Ä–∞—Å—Å–∫–∞–∑—ã–≤–∞–ª–∏ –≤ —ç—Ç–æ–º[ –ø–æ—Å—Ç–µ](https://t.me/idoresearch/3853). –¢–æ–∫–µ–Ω—ã –º–æ–∂–Ω–æ –±—ã–ª–æ –∫–ª–µ–π–º–∏—Ç—å —Å—Ä–∞–∑—É, –Ω–æ –æ–Ω–∏ –Ω–µ–ø–µ—Ä–µ–¥–∞–≤–∞–µ–º—ã–µ. –¢–∞–∫–∂–µ –º–Ω–æ–≥–∏–µ –º–æ–≥–ª–∏ —É—á–∞—Å—Ç–≤–æ–≤–∞—Ç—å –≤ —Å–µ–π–ª–µ –Ω–∞ CoinList, –æ –∫–æ—Ç–æ—Ä–æ–º –º—ã –ø–∏—Å–∞–ª–∏ –≤ [—ç—Ç–æ–º –ø–æ—Å—Ç–µ](https://t.me/idoresearch/4000).

***Ô∏è‚É£****–°**–µ–≥–æ–¥–Ω—è —Ç–æ–∫–µ–Ω—ã —Å—Ç–∞–Ω—É—Ç –ø–µ—Ä–µ–¥–∞–≤–∞–µ–º—ã–µ –∏ –ø—Ä–æ–π–¥–µ—Ç –ª–∏—Å—Ç–∏–Ω–≥ –Ω–∞ —Å–ª–µ–¥—É—é—â–∏—Ö –±–∏—Ä–∂–∞—Ö:
`‚Ä¢` Binance
`‚Ä¢` OKX
`‚Ä¢` Bybit
`‚Ä¢` KuCoin
`‚Ä¢` Bitget
`‚Ä¢` MEXC
`‚Ä¢` BingX

üìÖ –õ–∏—Å—Ç–∏–Ω–≥ –ø—Ä–æ–π–¥–µ—Ç —Å–µ–≥–æ–¥–Ω—è –≤ 14:00 –ú—Å–∫.

–ò–∑ –∏–Ω—Ç–µ—Ä–µ—Å–Ω–æ–≥–æ: –ø—Ä–æ–µ–∫—Ç –≤—ã—Ö–æ–¥–∏—Ç —á–µ—Ä–µ–∑ Binance Launchpool, –Ω–∞ –∫–æ—Ç–æ—Ä—ã–π –≤—ã–¥–µ–ª–∏–ª–∏ 4% —Ç–æ–∫–µ–Ω–æ–≤ –æ—Ç –æ–±—â–µ–≥–æ —Å–∞–ø–ø–ª–∞—è.

–ù–∞ –¥–∞–Ω–Ω—ã–π –º–æ–º–µ–Ω—Ç —Ç–æ–∫–µ–Ω $WCT —Ç–æ—Ä–≥—É–µ—Ç—Å—è –Ω–∞ –ø—Ä–µ-–º–∞—Ä–∫–µ—Ç–µ [KuCoin](https://www.kucoin.com/ru/pre-market/WCT) –ø–æ —Å—Ä–µ–¥–Ω–µ–π —Ü–µ–Ω–µ $0,4 —Å FDV $400 –º–ª–Ω, —á—Ç–æ –¥–∞–µ—Ç –≤ –ø—Ä–∏–Ω—Ü–∏–ø–µ —Ö2 –¥–ª—è —É—á–∞—Å—Ç–Ω–∏–∫–æ–≤ —Å–µ–π–ª–∞, –Ω–æ –ø–æ—Å–º–æ—Ç—Ä–∏–º –∫–∞–∫–∞—è –±—É–¥–µ—Ç —Ü–µ–Ω–∞ –Ω–∞ –ª–∏—Å—Ç–∏–Ω–≥–µ.

[**IDO research**](https://t.me/idoresearch) | [**Chat**](https://t.me/IDOresearch_chat) | [**NFD**](https://twitter.com/NFD_gg) | [**Combine - —Å–æ—Ñ—Ç –¥–ª—è –º—É–ª—å—Ç–∏–∞–∫–∫–µ—Ä–æ–≤**](https://nfd.gg/)",,2025-04-16 11:37:01.430715+00,true,false,,,,,Project Update,false,
f43a677d-8afa-4d6e-9145-a3331cc65652,PAWS,General Update,PAWS tokens are appearing on exchanges like ByBit.  Listing is expected tomorrow; on-chain claim page will be available on PAWS Web.,[],[],tomorrow,Check exchange balances.,Crypto Thunder‚ö°Ô∏è,https://t.me/c/1522404640/3076,2025-04-15 08:39:44+00,"üòè **–ü—Ä–æ–≤–µ—Ä—è–π—Ç–µ PAWS –Ω–∞ –±–∏—Ä–∂–∞—Ö**

–¢–∞–º —Ä–µ–±—è—Ç–∞ —É–∂–µ –∞–∫—Ç–∏–≤–Ω–æ –∫–∏–¥–∞—é—Ç —Å–∫—Ä–∏–Ω—ã, —á—Ç–æ —Ç–æ–∫–µ–Ω–æ–≤ **PAWS** –Ω–∞—á–∞–ª–∏ –ø—Ä–∏—Ö–æ–¥–∏—Ç—å –Ω–∞ –±–∏—Ä–∂–∏, —Ç–æ—á–Ω–æ –≤–∏–¥–µ–ª **ByBit**, —Ç–∞–∫ —á—Ç–æ –æ–±—è–∑–∞—Ç–µ–ª—å–Ω–æ –ø—Ä–æ–≤–µ—Ä—å—Ç–µ –±–∞–ª–∞–Ω—Å –±–∏—Ä–∂.

–õ–∏—Å—Ç–∏–Ω–≥ –¥–æ–ª–∂–µ–Ω —Å–æ—Å—Ç–æ—è—Ç—Å—è —É–∂–µ –∑–∞–≤—Ç—Ä–∞, –∫—Ç–æ –±—É–¥–µ—Ç –∫–ª–µ–π–º–∏—Ç—å –æ–Ω—á–µ–π–Ω, —Ç–æ —Å—Ç—Ä–∞–Ω–∏—Ü–∞ –±—É–¥–µ—Ç –¥–æ—Å—Ç—É–ø–Ω–∞ –≤ **PAWS Web**. –£–∂–µ —Ö–æ—á–µ—Ç—Å—è –ø—Ä–æ–¥–∞—Ç—å –∏ –∑–∞–±—ã—Ç—å –æ–± —ç—Ç–æ–º –ø—Ä–æ–µ–∫—Ç–µ –Ω–∞ —Å–∞–º–æ–º –¥–µ–ª–µ)

[**Crypto Thunder**](https://t.me/+9oQz9UTjGPJjNTU6) |** **[**Chat**](https://t.me/+gtmqrgChhM01YmMy) | [**–ë–∞–∑–∞**](https://t.me/electro_base)",,2025-04-16 11:36:57.674132+00,true,false,,,,,Project Update,false,
74a5af18-c999-428a-9c19-df83361badb6,,,"Analysis of Pantera Capital, the first crypto fund in the US, showing its investment statistics (209 rounds, $20-50M average round size, 94.64x retail ROI), and highlighting successful investments like 1inch, Near Protocol, and others.  The analysis notes that ~38.7% of Pantera's investments have released their own tokens.",,,,,SWOP TOKY | CRYPTO MEDIA,https://t.me/c/1381331570/4642,2025-04-15 08:32:08+00,"üü° **Pantera Capital: –°—Ç–∞—Ç–∏—Å—Ç–∏–∫–∞ –ø–µ—Ä–≤–æ–≥–æ –∫—Ä–∏–ø—Ç–æ—Ñ–æ–Ω–¥–∞ –≤ –°–®–ê!**

–í–æ–∑–≤—Ä–∞—â–∞–µ–º—Å—è –≤ —Ä–∞–±–æ—á–∏–π —Ä–µ–∂–∏–º –≤–º–µ—Å—Ç–µ —Å —Ä–∞–∑–±–æ—Ä–æ–º –æ—á–µ—Ä–µ–¥–Ω–æ–≥–æ —Ñ–æ–Ω–¥–∞, –∫–æ—Ç–æ—Ä—ã–π —É—Å–ø–µ–ª –≤ —Å–≤–æ—ë –≤—Ä–µ–º—è —Å–∏–ª—å–Ω–æ –ø–æ—à—É–º–µ—Ç—å –∏ –∑–∞–±—Ä–∞—Ç—å –ø–∞—Ä—É –≥–∏–ø–µ—Ä —É—Å–ø–µ—à–Ω—ã—Ö –∫–µ–π—Å–æ–≤. –û–±–æ –≤—Å—ë–º –ø–æ –ø–æ—Ä—è–¥–∫—É!

[**Pantera Capital**](https://panteracapital.com/) ‚Äî –ø–µ—Ä–≤—ã–π –∏–Ω–≤–µ—Å—Ç–∏—Ü–∏–æ–Ω–Ω—ã–π —Ñ–æ–Ω–¥ –≤ –æ–±–ª–∞—Å—Ç–∏ —Ü–∏—Ñ—Ä–æ–≤—ã—Ö –∞–∫—Ç–∏–≤–æ–≤ –≤ –°–®–ê. –í –≥–ª–æ–±–∞–ª—å–Ω—É—é –º–∞–∫—Ä–æ—Å—Ç—Ä–∞—Ç–µ–≥–∏—é Pantera –±—ã–ª–æ –∏–Ω–≤–µ—Å—Ç–∏—Ä–æ–≤–∞–Ω–æ –±–æ–ª–µ–µ 1 –º–∏–ª–ª–∏–∞—Ä–¥–∞ –¥–æ–ª–ª–∞—Ä–æ–≤ –∏–Ω—Å—Ç–∏—Ç—É—Ü–∏–æ–Ω–∞–ª—å–Ω—ã—Ö –∏–Ω–≤–µ—Å—Ç–∏—Ü–∏–π.

üëÄ **–°—Ç–∞—Ç–∏—Å—Ç–∏–∫–∞ –∏ —É–Ω–∏–∫–∞–ª—å–Ω–∞—è –∏–Ω—Ñ–æ—Ä–º–∞—Ü–∏—è –ø–æ —Ñ–æ–Ω–¥—É:**

__‚Äî –ö–æ–ª–∏—á–µ—Å—Ç–≤–æ –∏–Ω–≤–µ—Å—Ç–∏—Ü–∏–π –∑–∞ –≤—Å—ë –≤—Ä–µ–º—è: 209 —Ä–∞—É–Ω–¥–æ–≤ (–≤ –Ω–µ–∫–æ—Ç–æ—Ä—ã–µ –ø—Ä–æ–µ–∫—Ç—ã –±—ã–ª–æ –Ω–µ—Å–∫–æ–ª—å–∫–æ —Ä–∞—É–Ω–¥–æ–≤)
‚Äî –Æ—Ä–∏—Å–¥–∏–∫—Ü–∏—è: United States
‚Äî –†–æ–∑–Ω–∏—á–Ω—ã–π ROI: 94__.64x (__+9,364%)
‚Äî –°—Ä–µ–¥–Ω–∏–π —Ä–∞–∑–º–µ—Ä —Ä–∞—É–Ω–¥–æ–≤: $20 ‚Äî 50M
‚Äî –ù–∞–∏–±–æ–ª–µ–µ —á–∞—Å—Ç–∞—è —Å—Ç–∞–¥–∏—è –∏–Ω–≤–µ—Å—Ç–∏—Ä–æ–≤–∞–Ω–∏—è: ¬´Stage A¬ª__

**–ö–∞–∫–∏–µ –∏–∑–≤–µ—Å—Ç–Ω—ã–µ –ø—Ä–æ–µ–∫—Ç—ã –≤—ã–ø—É—Å—Ç–∏–ª–∏ —Å–≤–æ–∏ —Ç–æ–∫–µ–Ω—ã –±–ª–∞–≥–æ–¥–∞—Ä—è –∏–Ω–≤–µ—Å—Ç–∏—Ü–∏—è–º –æ—Ç Pantera Capital****‚ùì****

**__‚ûñ____ __[__Ethena__](https://cryptorank.io/ico/ethena)__
____‚ûñ____ __[__1inch__](https://cryptorank.io/ico/1inch)__
____‚ûñ____ __[__Near Protocol__](https://cryptorank.io/ico/near-protocol#funding-rounds)__
____‚ûñ____ __[__0x Protocol__](https://cryptorank.io/ico/0x#funding-rounds)__
____‚ûñ____ __[__Balancer__](https://cryptorank.io/ico/balancer)__
____‚ûñ____ __[__StarkNet__](https://cryptorank.io/ico/starknet)__
____‚ûñ____ __[__Injective__](https://cryptorank.io/ico/injective-protocol#funding-rounds)__
____‚ûñ____ __[__Ondo Finance__](https://cryptorank.io/ico/ondo-finance#funding-rounds)__
____‚ûñ____ __[__Liquity__](https://cryptorank.io/ico/liquity)__
____‚ûñ____ __[__B3 fun__](https://cryptorank.io/ico/b-3-fun#funding-rounds)

–ù–∞ —Å–µ–≥–æ–¥–Ω—è—à–Ω–∏–π –¥–µ–Ω—å –∏–∑ –ø—Ä–∏–º–µ—Ä–Ω–æ 209 –ø—Ä–æ–µ–∫—Ç–æ–≤, –≤ –∫–æ—Ç–æ—Ä—ã–µ –∏–Ω–≤–µ—Å—Ç–∏—Ä–æ–≤–∞–ª —Ñ–æ–Ω–¥ Pantera Capital , 80 —É–∂–µ –≤—ã–ø—É—Å—Ç–∏–ª–∏ —Å–≤–æ–π —Ç–æ–∫–µ–Ω, –¥–æ—Å—Ç—É–ø–Ω—ã–π –¥–ª—è —Ç–æ—Ä–≥–æ–≤–ª–∏.

–ò–∑ —ç—Ç–æ–≥–æ –º–æ–∂–Ω–æ —Å–¥–µ–ª–∞—Ç—å –∏–Ω—Ç–µ—Ä–µ—Å–Ω—ã–π –≤—ã–≤–æ–¥: –µ—Å–ª–∏ –≤—ã –≤–∏–¥–∏—Ç–µ Pantera  —Å—Ä–µ–¥–∏ –∏–Ω–≤–µ—Å—Ç–æ—Ä–æ–≤ –ø—Ä–æ–µ–∫—Ç–∞, –≤–µ—Ä–æ—è—Ç–Ω–æ—Å—Ç—å —Ç–æ–≥–æ, —á—Ç–æ –æ–Ω –≤—ã–ø—É—Å—Ç–∏—Ç —Å–æ–±—Å—Ç–≤–µ–Ω–Ω—ã–π —Ç–æ–∫–µ–Ω, —Å–æ—Å—Ç–∞–≤–ª—è–µ—Ç 38,7%.

__–£—á–∏—Ç—ã–≤–∞–π—Ç–µ, —á—Ç–æ —ç—Ç–æ –ø—Ä–∏–º–µ—Ä–Ω–∞—è —Å—Ç–∞—Ç–∏—Å—Ç–∏–∫–∞ –Ω–∞ –æ—Å–Ω–æ–≤–µ –∏—Å—Ç–æ—Ä–∏—á–µ—Å–∫–∏—Ö –¥–∞–Ω–Ω—ã—Ö –∏ —Ä–µ–∞–ª—å–Ω–æ—Å—Ç—å –≤—Å–µ–≥–¥–∞ –º–æ–∂–µ—Ç –±—ã—Ç—å –∏–∑–º–µ–Ω—á–∏–≤–∞.__

‚ùóÔ∏è –û—Å—Ç–∞–ª–æ—Å—å –Ω–µ —Ç–∞–∫ –º–Ω–æ–≥–æ Tier-1 —Ñ–æ–Ω–¥–æ–≤ –¥–ª—è –∞–Ω–∞–ª–∏–∑–∞, –ø–æ—ç—Ç–æ–º—É –≤—Å–∫–æ—Ä–µ –ø—Ä–∏–¥–µ—Ç—Å—è –ø–µ—Ä–µ–π—Ç–∏ –Ω–∞ —É—Ä–æ–≤–µ–Ω—å –Ω–∏–∂–µ. –ê –ø–æ–∫–∞ –ø—Ä–µ–¥–ª–∞–≥–∞–π—Ç–µ –≤ –∫–æ–º–º–µ–Ω—Ç–∞—Ä–∏—è—Ö, –∫–∞–∫–æ–π —Ñ–æ–Ω–¥ —Ä–∞–∑–æ–±—Ä–∞—Ç—å —Å–ª–µ–¥—É—é—â–∏–º?

#ST_–ø–æ–ª–µ–∑–Ω—ã–π_–º–∞—Ç–µ—Ä–∏–∞–ª **|** [–ù–∞—à–∏ –∫–∞–Ω–∞–ª—ã](https://t.me/addlist/ML6m9gv37GtjMWFi)",,2025-04-16 11:36:54.059481+00,true,false,,,,,Market Commentary,,[]
c9bfee8a-4b2c-42ce-94af-82096056c387,,,"A guide on optimizing strategies for farming the potential second drop from Hyperliquid, involving various DeFi protocols within the Hyperliquid ecosystem.","[""https://app.hyperliquid.xyz/"",""https://v3.hybridge.xyz/"",""https://stake.hypurr.co/"",""https://app.hyperlend.finance/"",""https://app.hyperswap.exchange/"",""https://usefelix.xyz/"",""https://laminar.xyz/"",""https://www.stakingrewards.com/"",""https://app.valantis.xyz/"",""https://app.hypurr.fi/"",""https://app.kittenswap.finance/"",""https://mizulabs.xyz/"",""https://app.hlnames.xyz/"",""https://hyperlaunch.drip.trade/"",""https://drip.trade/"",""https://hyperfolio.xyz/""]",,,,Don | Invest Blog,https://t.me/c/1423540718/4417,2025-04-15 08:05:15+00,"**–†–µ—Ç—Ä–æ–¥—Ä–æ–ø—ã | HyperEVM ****üî•**

–ß–∞—Å—Ç–æ –ø–æ–≥–æ–≤–∞—Ä–∏–≤–∞—é—Ç –ø—Ä–æ –≤—Ç–æ—Ä–æ–π –¥—Ä–æ–ø –æ—Ç Hyperliquid, —è –Ω–µ –º–æ–≥—É —ç—Ç–æ –ø–æ–¥—Ç–≤–µ—Ä–¥–∏—Ç—å –∏–ª–∏ –æ–ø—Ä–æ–≤–µ—Ä–≥–Ω—É—Ç—å, –Ω–æ –∫–µ–π—Å—ã –≤—Ç–æ—Ä—ã—Ö –¥—Ä–æ–ø–æ–≤(__Taiko, Tensor, Optimism__) –º—ã —É–∂–µ –≤–∏–¥–µ–ª–∏. –¢–∞–∫ –∂–µ –µ—Å—Ç—å —à–∞–Ω—Å –ø–æ–π–º–∞—Ç—å –¥—Ä–æ–ø –æ—Ç —ç–∫–æ—Å–∏—Å—Ç–µ–º–Ω—ã—Ö –ø—Ä–æ–µ–∫—Ç–æ–≤, –∫–∞–∫ —ç—Ç–æ –±—ã–ª–æ –Ω–∞ Sui. –ü—Ä–æ—á–∏—Ç–∞–≤ –¥–µ—Å—è—Ç–æ–∫ –≥–∞–π–¥–æ–≤ –∏ —Ç—Ä–µ–¥–æ–≤, —Å–æ–±—Ä–∞–ª —Å–∞–º–æ–µ –∏–Ω—Ç–µ—Ä–µ—Å–Ω–æ–µ –≤ –æ–¥–∏–Ω –ø–æ—Å—Ç.

**‚úçÔ∏è**** –û–ø—Ç–∏–º–∞–ª—å–Ω–∞—è —Å—Ç—Ä–∞—Ç–µ–≥–∏—è –ø–æ —Ñ–∞—Ä–º—É –≤—Ç–æ—Ä–æ–≥–æ –¥—Ä–æ–ø–∞ –æ—Ç Hyperliquid** **Ecosystem**:

**üü¢****Hyperliquid** (DEX)
‚Ä¢ –†–µ–≥–∏—Å—Ç—Ä–∏—Ä—É–µ–º –∞–∫–∫–∞—É–Ω—Ç –Ω–∞ [**Hyperliquid**](https://app.hyperliquid.xyz/);
‚Ä¢ –ü–æ–ø–æ–ª–Ω–∏—Ç–µ –∫–æ—à–µ–ª–µ–∫ **Hyperliquid** —á–µ—Ä–µ–∑ –ø–∞–Ω–µ–ª—å —É–ø—Ä–∞–≤–ª–µ–Ω–∏—è (__Deposit__) –∏–ª–∏ –∏—Å–ø–æ–ª—å–∑—É–π—Ç–µ [**HyBridge**](https://v3.hybridge.xyz/);
‚Ä¢ –ü—Ä–æ–¥–∞—Ç—å **ETH** –∑–∞ **USDC**;
‚Ä¢ –ö—É–ø–∏—Ç—å **HYPE** –∏ **BTC** (—Å–∞–º—ã–µ –Ω–∏–∑–∫–∏–µ –∫–æ–º–∏—Å—Å–∏–∏) –∑–∞ **USDC**;
‚Ä¢ –û—Ç–ø—Ä–∞–≤–∏—Ç—å –≤ –Ω–∞—Ç–∏–≤–Ω—ã–π[ —Å—Ç–µ–π–∫–∏–Ω–≥ $HYPE](https://app.hyperliquid.xyz/staking) (__–≤—ã–±—Ä–∞–ª **Nansen x HypurrCo**__)
‚Ä¢ [–ü–µ—Ä–µ–≤–µ—Å—Ç–∏](https://app.hyperliquid.xyz/portfolio) –æ—Å—Ç–∞—Ç–æ–∫ **$HYPE** –≤ **HyperEVM**

**üü¢**[**HyPurr**](https://stake.hypurr.co/) + [**HyperLend**](https://app.hyperlend.finance/?ref=DONINVEST)** + **[**HyperSwap**](https://app.hyperswap.exchange/#/swap?referral=Don)** (Stacking, DeFi**)
‚Ä¢ –ö–æ–Ω–≤–µ—Ä—Ç–∏—Ä—É–π—Ç–µ **HYPE** –≤ **stHYPE** –Ω–∞ [**stake.hypurr.co**](https://stake.hypurr.co/).
‚Ä¢ –í–Ω–µ—Å–∏—Ç–µ **wstHYPE** –≤ –∫–∞—á–µ—Å—Ç–≤–µ –∑–∞–ª–æ–≥–∞ –Ω–∞ [**Hyperlend**](https://app.hyperlend.finance/?ref=DONINVEST).
‚Ä¢ –ó–∞–Ω—è—Ç—å **HYPE** **–∏ BTC**.
‚Ä¢ –°–æ–∑–¥–∞—Ç—å LP **HYPE/BTC** –Ω–∞ [**HyperSwap**](https://app.hyperswap.exchange/#/swap?referral=Don).

**üü¢**[**Felix**](https://usefelix.xyz/?ref=68681B95) + [**Laminar**](https://laminar.xyz/add-liquidity) (DeFi Lending, LP) 
‚Ä¢ –í–Ω–µ—Å–∏—Ç–µ **HYPE** –≤ –∫–∞—á–µ—Å—Ç–≤–µ –∑–∞–ª–æ–≥–∞ –Ω–∞ [**Felix**](https://usefelix.xyz/?ref=68681B95) –∏ –∑–∞–π–º–∏—Ç–µ **feUSD** (__–±—É–¥—å—Ç–µ –æ—Å—Ç–æ—Ä–æ–∂–Ω—ã —Å –ø–æ—Ä–æ–≥–æ–º –ª–∏–∫–≤–∏–¥–∞—Ü–∏–∏__).
‚Ä¢ –í–Ω–µ—Å–∏—Ç–µ **feUSD** (50%) –≤ –ø—É–ª —Å—Ç–∞–±–∏–ª—å–Ω–æ—Å—Ç–∏.
‚Ä¢ –°–æ–∑–¥–∞–π—Ç–µ LP **feUSD/HYPE** –Ω–∞ [**HyperSwap**](https://app.hyperswap.exchange/#/swap?referral=Don)/[**Laminar**](https://laminar.xyz/add-liquidity).

**üü¢**[**LHYPE**](https://www.stakingrewards.com/stake-app?input=hyperliquid&best-deal=true&validator=nansen&locked=true) + DEX (Stacking)
‚Ä¢ –í–Ω–µ—Å–∏—Ç–µ **HYPE** –∏ –ø–æ–ª—É—á–∏—Ç–µ **loopedHYPE** –Ω–∞ [**stakingrewards**](https://www.stakingrewards.com/stake-app?input=hyperliquid&best-deal=true&validator=nansen&locked=true) (__–î–æ–ø–æ–ª–Ω–∏—Ç–µ–ª—å–Ω–æ –ø—Ä–µ—Ç–µ–Ω–¥—É–µ–º –Ω–∞ –¥—Ä–æ–ø Nansesn__).
‚Ä¢ –°–æ–∑–¥–∞–π—Ç–µ LP **loopedHYPE**/**HYPE** –Ω–∞ [**HyperSwap**](https://app.hyperswap.exchange/#/swap?referral=Don) / [**Laminar**](https://laminar.xyz/add-liquidity).

**üü¢**[**Valantis**](https://app.valantis.xyz/) (Stacking)
‚Ä¢ –í–Ω–µ—Å–∏—Ç–µ –¥–µ–ø–æ–∑–∏—Ç **HYPE**, –∑–∞–º–∏–Ω—Ç–∏—Ç–µ **stHYPE LP**. 
–ü–æ–ª—É—á–∞–π—Ç–µ –¥–æ—Ö–æ–¥ –æ—Ç –∫–æ–º–∏—Å—Å–∏–π –∑–∞ —Å–≤–æ–ø—ã, —Å—Ç–∞–≤–æ–∫ –∏ –∫—Ä–µ–¥–∏—Ç–æ–≤–∞–Ω–∏—è –Ω–∞ HypurrFi —Å —Ö2 –±—É—Å—Ç–æ–º.

**üü¢**[**HypurrFi**](https://app.hypurr.fi/) (DeFi)
‚Ä¢ –î–µ–ø–æ–∑–∏—Ç **HYPE** –∏ –∑–∞–π–º–∏—Ç–µ **USDXL** –Ω–∞ [**HypurrFi**](https://app.hypurr.fi/) (**–Ω–µ –∑–∞–≤—ã—à–∞–π—Ç–µ LTV**).
‚Ä¢ –°–æ–∑–¥–∞–π—Ç–µ LP –ø–∞—Ä—É **HYPE/USDXL** –Ω–∞ [**HyperSwap**](https://app.hyperswap.exchange/#/swap?referral=Don).

**üü¢**[**KittenSwap**](https://app.kittenswap.finance/points?referrer=0x1257b6871bfca1da593ff5586e73eb1731b494fc) (AMM DEX)
‚Ä¢ –î–µ–ª–∞–µ–º —Å–≤–∞–ø—ã –≤ –ª—é–±—ã—Ö –ø–∞—Ä–∞—Ö –∏ –ø—Ä–µ–¥–æ—Å—Ç–∞–≤–ª—è–µ–º –ª–∏–∫–≤–∏–¥–Ω–æ—Å—Ç—å –≤ –ø—É–ª—ã —Å –Ω–∞–∏–±–æ–ª—à–∏–º –∫–æ–ª–∏—á–µ—Å—Ç–≤–æ–º –ø–æ–∏–Ω—Ç–æ–≤ –Ω–∞

**üü¢**[**Mizulabs**](https://mizulabs.xyz/dapp/vault) (Stacking)
‚Ä¢ –í–Ω–æ—Å–∏–º **BTC/ETH/USDC**.

üü¢[**hlnames**](https://app.hlnames.xyz/)** **(Domain)
‚Ä¢ –†–µ–≥–∏—Å—Ç—Ä–∏—Ä—É–µ–º –¥–æ–º–µ–Ω–Ω–æ–µ –∏–º—è.

üü¢**NFT**
‚Ä¢ –ú–∏–Ω—Ç–∏–º NFT –Ω–∞ [**hyperlaunch**](https://hyperlaunch.drip.trade/) –∏ —Ç–æ—Ä–≥—É–µ–º –Ω–∞ [**Drip**](https://drip.trade/).

üí° –î–ª—è —É–¥–æ–±—Å—Ç–≤–æ –æ—Ç—Å–ª–µ–∂–∏–≤–∞–Ω–∏—è –≤–∞—à–∏—Ö –ø–æ–∑–∏—Ü–∏–π –≤ DeFi, —Ç–æ–∫–µ–Ω—ã –∏ NFT –µ—Å—Ç—å [**hyperfolio**](https://hyperfolio.xyz/).",,2025-04-16 11:36:50.489118+00,true,false,,,,,Guide/Tutorial,,
ea37a67d-0972-4e3f-af04-5e4f84d91a28,WalletConnect,General Update,"WalletConnect ($WCT) token is listing on multiple exchanges on April 15th at 14:00 MSK/Kyiv.  The claim period is over, but tokens will be transferable before listing.","[""https://airdrop.walletconnect.network/"",""https://www.mexc.com/ru-RU/pre-market/WCT""]",[],15 –ê–ø—Ä–µ–ª—è –≤ 14:00 –ú–°–ö / –ö–∏–µ–≤,,PROCENT,https://t.me/c/1364089278/7507,2025-04-15 07:33:25+00,"**‚ö°Ô∏è****WalletConnect (**$**WCT****) ‚Äî –õ–∏—Å—Ç–∏–Ω–≥ –Ω–∞ –±–∏—Ä–∂–∞—Ö**

–°–µ–≥–æ–¥–Ω—è —Ç–æ–∫–µ–Ω $WCT –æ—Ç WalletConnect –ø–æ—è–≤–∏—Ç—Å—è –Ω–∞ –±–∏—Ä–∂–∞—Ö, –≥–æ—Ç–æ–≤–∏–º—Å—è. 

**–õ–∏—Å—Ç–∏–Ω–≥ —Ç–æ–∫–µ–Ω–∞ –ø—Ä–æ–π–¥–µ—Ç –Ω–∞ –±–∏—Ä–∂–∞—Ö: **

üî¥Binance;
üî¥KuCoin;
üî¥OKX;
üî¥Bitget;
üî¥MEXC;
üî¥Gate.io;
üî¥BingX;
üî¥Bybit.

üìÖ **–î–∞—Ç–∞ –ª–∏—Å—Ç–∏–Ω–≥–∞: **15 –ê–ø—Ä–µ–ª—è –≤ 14:00 –ú–°–ö / –ö–∏–µ–≤. 

–¢–æ–∫–µ–Ω—ã –Ω—É–∂–Ω–æ –±—ã–ª–æ –∫–ª–µ–π–º–∏—Ç—å —Å–∞–º–æ–º—É, —á–µ—Ä–µ–∑ [—á–µ–∫–µ—Ä](https://airdrop.walletconnect.network/) (–∫–ª–µ–π–º —É–∂–µ –∑–∞–∫—Ä—ã—Ç). $WCT —Å—Ç–∞–Ω—É—Ç –ø–µ—Ä–µ–¥–∞–≤–∞–µ–º—ã–º–∏ –ø–µ—Ä–µ–¥ –ª–∏—Å—Ç–∏–Ω–≥–æ–º. –¶–µ–Ω–∞ –Ω–∞ [–ø—Ä–µ-–º–∞—Ä–∫–µ—Ç–µ](https://www.mexc.com/ru-RU/pre-market/WCT) ‚Äî $0,43, —É–∂–µ –ø–æ–∏–Ω—Ç–µ—Ä–µ—Å–Ω–µ–µ –≤—ã–≥–ª—è–¥–∏—Ç.

–ó–∞ –∞–ø–¥–µ–π—Ç–∞–º–∏ –º–æ–∂–Ω–æ —Å–ª–µ–¥–∏—Ç—å –≤ [Twitter.](https://x.com/WalletConnect)

**üëá–ë—É–¥–µ—Ç–µ –¥–∞–≤–∞—Ç—å –ø–æ —Å—Ç–∞–∫–∞–Ω—É?
**
__#–î—Ä–æ–ø—ã__

ü´° [**LEVEL UP**](https://t.me/upincrypto_bot) | [**PROCENT**](https://procentcrypto.notion.site/)",,2025-04-16 11:36:46.22938+00,true,false,,,,,Project Update,false,
1f8aacbd-3900-4e55-8728-8fbc258d9aa0,,,"This message provides updates on various crypto projects, including the listing of $INIT on Bybit, rumors of a Towns token sale on echo.xyz, a MegaETH testnet campaign, a Solana network addition to OpenSea, the upcoming listing of $WCT, a Hyperlane drop extension, and a warning about the KiloEx hack.  It also mentions opportunities for $SUI holders.",,,,,Crypto Fortochka,https://t.me/c/1254398467/2333,2025-04-15 07:01:01+00,"#NewsForto 15.04.2025

#Initia
üîò –¢–µ–ø–µ—Ä—å –¥—Ä–æ–ø –±—É–¥–µ—Ç –≤–∫—É—Å–Ω—ã–º! –í—á–µ—Ä–∞ —Ç–æ–∫–µ–Ω $INIT –∑–∞–ª–∏—Å—Ç–∏–ª—Å—è –Ω–∞ –ø—Ä–µ-–º–∞—Ä–∫–µ—Ç–µ –±–∏—Ä–∂–∏ [**Bybit**](https://www.bybit.com/trade/usdt/INITUSDT), –∏ —É–¥–∏–≤–∏—Ç–µ–ª—å–Ω–æ, —á—Ç–æ —Ü–µ–Ω–∞ —É–ª–µ—Ç–µ–ª–∞ —Å —Ä–∞–Ω–Ω–∏—Ö $0.4 –¥–æ $0.70 –∑–∞ –º–æ–Ω–µ—Ç—É, –∏ —É–∂–µ –ø–æ–Ω—è—Ç–Ω–æ, —á—Ç–æ –¥—Ä–æ–ø –±—É–¥–µ—Ç –≤–∫—É—Å–Ω—ã–º. –ñ–¥—ë–º **Binance**!

#Towns
üîò –ü–æ—è–≤–∏–ª–∞—Å—å –∏–Ω—Ñ–æ—Ä–º–∞—Ü–∏—è (—Å–ª—É—Ö–∏), —á—Ç–æ **Towns** —Å–æ–±–∏—Ä–∞–µ—Ç—Å—è –ø—Ä–æ–≤–µ—Å—Ç–∏ —Ç–æ–∫–µ–Ω—Å–µ–π–ª –Ω–∞ [**echo.xyz**](https://echo.xyz/), —Å—É–¥—è –ø–æ –≤—Å–µ–º—É –≤ –±–ª–∏–∂–∞–π—à–∏–µ –¥–Ω–∏ –Ω–∞—Å –∂–¥—ë—Ç –≤—Å–µ –ø–æ–¥—Ä–æ–±–Ω–æ—Å—Ç–∏, –∫–æ—Ç–æ—Ä—ã–µ –º—ã —Ç–∞–∫ —Ö–æ—Ç–∏–º —É–∑–Ω–∞—Ç—å. –¢–∞–∫–∂–µ –Ω–µ –∑–∞–±—ã–≤–∞–µ–º –ø—Ä–æ [**+20000**](https://t.me/cryptoforto/2243) –ø–æ–∏–Ω—Ç–æ–≤ –∏ [**–ª—É—á—à–∏–π –≥–∞–π–¥ –ø–æ –∞–∫—Ç–∏–≤–Ω–æ—Å—Ç—è–º**](https://t.me/cryptoforto/2243)

#MegaETH
üîò –ï—Å–ª–∏ –≤—ã –æ—Ç—Ä–∞–±–∞—Ç—ã–≤–∞–µ—Ç–µ —Ç–µ—Å—Ç–Ω–µ—Ç –æ—Ç –ø—Ä–æ–µ–∫—Ç–∞ [**MegaETH**](https://t.me/cryptoforto/2245), —Ç–æ –º–æ–∂–µ—Ç–µ –ø–æ—É—á–∞—Å—Ç–≤–æ–≤–∞—Ç—å –≤ –Ω–æ–≤–æ–π –∫–∞–º–ø–∞–Ω–∏–∏ ""[**MegaETH Testnet: Real-Time Era**](https://superboard.xyz/campaign/megaeth-testnet-real-time-era)"" –Ω–∞ –ø–ª–∞—Ç—Ñ–æ—Ä–º–µ **Superboard** ‚Äî –æ—á–µ–Ω—å –ø–æ—Ö–æ–∂–∞ –Ω–∞ **Layer3**

#OpenSea
üîò –î–æ–±–∞–≤–∏–ª–∏ –Ω–æ–≤—É—é —Å–µ—Ç—å! –ù–∞ —ç—Ç–æ—Ç —Ä–∞–∑ –¥–æ–±–∞–≤–∏–ª–∏ —Å–µ—Ç—å **Solana**, –Ω–æ –æ–Ω–∞ –¥–æ—Å—Ç—É–ø–Ω–∞ —Ç–æ–ª—å–∫–æ –¥–ª—è –æ–ø—Ä–µ–¥–µ–ª–µ–Ω–Ω—ã—Ö –ø–æ–ª—å–∑–æ–≤–∞—Ç–µ–ª–µ–π –∏–∑ –∑–∞–∫—Ä—ã—Ç–æ–≥–æ –±–µ—Ç–∞-—Ç–µ—Å—Ç–∏—Ä–æ–≤–∞–Ω–∏—è, –Ω–æ —Å–µ–π—á–∞—Å –º–æ–∂–Ω–æ –æ—Å—Ç–∞–≤–∏—Ç—å —Å–≤–æ–π –∞–¥—Ä–µ—Å **Solana** –∫–æ—à–µ–ª—å–∫–∞ –≤ –∫–æ–º–º–µ–Ω—Ç–∞—Ä–∏–∏ [**–ø–æ–¥ –ø–æ—Å—Ç–æ–º –≤ —Ç–≤–∏—Ç—Ç–µ—Ä–µ**](https://x.com/opensea/status/1911911008794460360), –∏ –≤–æ–∑–º–æ–∂–Ω–æ –≤—ã –ø–æ–ª—É—á–∏—Ç–µ —Ä–∞–Ω–Ω–∏–π –¥–æ—Å—Ç—É–ø

#WalletConnect
üîò –°–µ–≥–æ–¥–Ω—è —É –Ω–∞—Å –±—É–¥–µ—Ç –≤–æ–∑–º–æ–∂–Ω–æ—Å—Ç—å –Ω–∞–∫–æ–Ω–µ—Ü-—Ç–æ –ø—Ä–æ–¥–∞—Ç—å —Ç–æ–∫–µ–Ω—ã $WCT –Ω–∞ –ø—Ä–∞–∫—Ç–∏—á–µ—Å–∫–∏ –≤—Å–µ—Ö –±–∏—Ä–∂–∞—Ö. –õ–∏—Å—Ç–∏–Ω–≥ –∑–∞–ø–ª–∞–Ω–∏—Ä–æ–≤–∞–Ω –Ω–∞ **15 –∞–ø—Ä–µ–ª—è –≤ 14:00 –ú–°–ö.** –î–µ–ø–æ–∑–∏—Ç—ã –æ—Ç–∫—Ä–æ—é—Ç** 15 –∞–ø—Ä–µ–ª—è –≤ 13:00 –ø–æ –ú–°–ö**

#Hyperlane
üîò –ï—Å–ª–∏ –≤—ã —Ä–∞–Ω–µ–µ –¥–µ–ª–∞–ª–∏ –∞–∫—Ç–∏–≤–Ω–æ—Å—Ç–∏ –≤ **Hyperlane**, —Ç–æ –º–æ–∂–µ—Ç–µ –ø—Ä–æ–≤–µ—Ä–∏—Ç—å [**–¥—Ä–æ–ø**](https://t.me/cryptoforto/2298). –¢–∞–∫–∂–µ –∫–æ–º–∞–Ω–¥–∞ —Å–æ–æ–±—â–∏–ª–∞, —á—Ç–æ [**–ø—Ä–æ–¥–ª–∏–ª–∞**](https://x.com/hyperlane/status/1911788309119918171) —Ä–µ–≥–∏—Å—Ç—Ä–∞—Ü–∏—é –Ω–∞ –∫–ª–µ–π–º –¥–æ **15.04.25 –≤ 22:00 –ø–æ –ú–°–ö**. –ù–∞–ø–æ–º–Ω—é, —á—Ç–æ –∫–ª–µ–π–º –∑–∞–ø—É—Å—Ç—è—Ç **20.04.25**

#Sui
üîò –•–æ–ª–¥–µ—Ä $SUI?, —Ç–æ –º–æ–∂–µ—à—å –∑–∞–∫–∏–Ω—É—Ç—å –≤ **LP** –¥–ª—è —Ñ–∞—Ä–º–∏–Ω–≥–∞ [**Momentum**](https://app.mmt.finance/leaderboard?refer=KWZ2M4), —è —É–∂–µ —Ä–∞–Ω–µ–µ –Ω–µ—Å–∫–æ–ª—å–∫–æ —Ä–∞–∑ [**—É–ø–æ–º–∏–Ω–∞–ª**](https://t.me/cryptoforto/2304) —ç—Ç–æ—Ç –ø—Ä–æ–µ–∫—Ç. –û–Ω–∏ –∑–∞ –º–∞–ª–æ–µ –∫–æ–ª–∏—á–µ—Å—Ç–≤–æ –≤—Ä–µ–º–µ–Ω–∏ –ø—Ä–æ–±–∏–ª–∏ $200M –æ–±—ä–µ–º–æ–≤. –ù–∞–ø–æ–º–Ω—é, —É –ø—Ä–æ–µ–∫—Ç $10M –∏–Ω–≤–µ—Å—Ç–∏—Ü–∏–π, –≥–¥–µ –ø—Ä–∏—Å—É—Ç—Å—Ç–≤—É–µ—Ç **Coinbase**

#KiloEx
üîò –ï—Å–ª–∏ –≤—ã –æ—Ç—Ä–∞–±–∞—Ç—ã–≤–∞–ª–∏ —ç—Ç–æ—Ç –ø—Ä–æ–µ–∫—Ç, –∏ –µ—â–µ –≤–¥—Ä—É–≥ –Ω–µ –∑–∞–±—ã–ª–∏ –∫–∞–∫ –æ–Ω –º–∞–ª–æ —Ä–∞–∑–¥–∞–ª, —Ç–æ —Å–æ–≤–µ—Ç—É—é –≤—ã–≤–µ—Å—Ç–∏ –æ—Ç —Ç—É–¥–∞ –≤—Å–µ —Å—Ä–µ–¥—Å—Ç–≤–∞, —Ç–∞–∫ –∫–∞–∫ –≤—á–µ—Ä–∞ –ø–æ—è–≤–∏–ª–∞—Å—å –∏–Ω—Ñ–æ—Ä–º–∞—Ü–∏—è, —á—Ç–æ –ø—Ä–æ–µ–∫—Ç –±—ã–ª [**–≤–∑–ª–æ–º–∞–Ω**](https://x.com/cyversalerts/status/1911867270852227131?s=46&t=5Yz0HFBOjHcOVE5kiLiJWg) –∏ –±—ã–ª–æ —É–∫—Ä–∞–¥–µ–Ω–æ $7M ‚Äî **–ï—Å–ª–∏ –µ—Å—Ç—å —Ç–∞–º —Å—Ä–µ–¥—Å—Ç–≤–∞, –≤—ã–≤–æ–¥–∏–º –∏ –∑–∞–±—ã–≤–∞–µ–º –ø—Ä–æ —ç—Ç–æ—Ç –ø—Ä–æ–µ–∫—Ç —Å –∫–æ–Ω—Ü–∞–º–∏!**

üò∂ [CryptoFortochka](https://t.me/cryptoforto)  l  [Chat](https://t.me/+5M-mOEH4gb42NDky)  l  [Navigation](https://t.me/cryptoforto/1796)  l  [Youtube](https://www.youtube.com/@cryptoforto)  l  [Retroactive](http://www.cryptoforto.top/)",,2025-04-16 11:36:42.256519+00,true,false,,,,,Market Commentary,,"[""INIT"",""WCT"",""SUI""]"
edb1c947-953f-49cb-8dba-b43e50e2223b,,,"This message provides updates on various crypto projects, including token launches ($KERNEL, $WCT), airdrops ($GM, $SONIC), liquidity campaigns ($UNI), and other news.  It also includes several helpful links related to airdrops, retrodrops, and a crypto calendar.",,,,,Whitelist,https://t.me/c/1448621840/5944,2025-04-15 07:00:16+00,"**–î–æ–±—Ä–æ–µ**[ ](https://img1.teletype.in/files/0f/23/0f2381db-f307-4927-8936-ce776ff01694.png)**—É—Ç—Ä–æ! ‚òÄÔ∏è
–°–µ–≥–æ–¥–Ω—è 15 –∞–ø—Ä–µ–ª—è, –Ω–∞—á–∏–Ω–∞–µ–º –¥–µ–Ω—å —Å –Ω–∞—à–µ–≥–æ –∞–ø–¥–µ–π—Ç–∞:**

üëç[KernelDAO –∑–∞–ø—É—Å—Ç–∏–ª](https://x.com/kernel_dao/status/1911757198533034344) —Ç–æ–∫–µ–Ω $KERNEL, –∫–æ—Ç–æ—Ä—ã–π —É–∂–µ –¥–æ—Å—Ç—É–ø–µ–Ω –¥–ª—è –∫–ª–µ–π–º–∞ –Ω–∞ [—Å–∞–π—Ç–µ](https://kerneldao.com/claim-airdrop/). –¢–æ–∫–µ–Ω —É–∂–µ —Ç–æ—Ä–≥—É–µ—Ç—Å—è –Ω–∞ [Binance](https://accounts.binance.me/ru/register?ref=25018921), [Gate](https://www.gate.io/signup/VFURUVta?ref_type=103), [HTX](https://www.huobi.com/invite/ru-ru/1f?invite_code=jfxg8) –∏ –¥—Ä—É–≥–∏—Ö –±–∏—Ä–∂–∞—Ö. –î–µ–ª–∏—Ç–µ—Å—å —Å–≤–æ–∏–º–∏ —Ä–µ–∑—É–ª—å—Ç–∞—Ç–∞–º–∏ –≤ –∫–æ–º–º–µ–Ω—Ç–∞—Ä–∏—è—Ö. 

üëç–£–∂–µ —Å–µ–≥–æ–¥–Ω—è –≤ 14:00 –ø–æ –ú–°–ö –Ω–∞—á–Ω—É—Ç—Å—è —Ç–æ—Ä–≥–∏ —Ç–æ–∫–µ–Ω–∞ $WCT –Ω–∞ [Binance](https://accounts.binance.me/ru/register?ref=25018921), [OKX](https://www.okx.com/join/2405359), [Bitget](https://partner.bitget.com/bg/VETWUT), [MEXC](https://www.mexc.com/register?inviteCode=14swx). –¢–∞–∫–∂–µ —Ç–æ–∫–µ–Ω –º–æ–∂–Ω–æ –±—É–¥–µ—Ç –ø—Ä–æ–¥–∞—Ç—å –Ω–∞ [1inch](https://app.1inch.io/#/1/simple/swap/1:ETH?r=ab000310). Total supply: 1 –º–ª—Ä–¥ $WCT, –∏–∑–Ω–∞—á–∞–ª—å–Ω–æ –Ω–∞ —Ä—ã–Ω–∫–µ: 186.2 –º–ª–Ω —Ç–æ–∫–µ–Ω–æ–≤. –ù–∞ [–ø—Ä–µ-–º–∞—Ä–∫–µ—Ç–µ](https://www.bitget.com/pre-market/WCTUSDT) —Ç–æ–∫–µ–Ω —Ç–æ—Ä–≥—É–µ—Ç—Å—è –ø–æ $0.4 ($400 –º–ª–Ω FDV). 

üëç[Gomble –∑–∞–ø—É—Å—Ç–∏–ª–∏](https://x.com/gomblegames/status/1911766558092714157) —á–µ–∫–µ—Ä, –ø—Ä–æ–≤–µ—Ä–∏—Ç—å –∞–ª–ª–æ–∫–∞—Ü–∏—é $GM –º–æ–∂–Ω–æ –Ω–∞ [—Å–∞–π—Ç–µ](https://info.gomble.io/44nzpog), –µ—Å–ª–∏ –≤—ã —Ö–æ–ª–¥–∏—Ç–µ SpaceKids, MM, $winG –∏–ª–∏ G-capsules. –ê–ª–ª–æ–∫–∞—Ü–∏–∏ OG Spaceships –Ω–µ –≤–∫–ª—é—á–µ–Ω—ã. –í —Å–ª—É—á–∞–µ –≤–æ–∑–Ω–∏–∫–Ω–æ–≤–µ–Ω–∏—è –ø—Ä–æ–±–ª–µ–º –æ–±—Ä–∞—â–∞–µ–º—Å—è –≤ [Discord](https://discord.com/invite/gomblegames).

üëç[Gauntlet –∑–∞–ø—É—Å–∫–∞–µ—Ç](https://x.com/gauntlet_xyz/status/1910801944500645912) –∫–∞–º–ø–∞–Ω–∏—é –ø–æ —Å—Ç–∏–º—É–ª–∏—Ä–æ–≤–∞–Ω–∏—é –ª–∏–∫–≤–∏–¥–Ω–æ—Å—Ç–∏ –¥–ª—è [Unichain](https://x.com/unichain). –ù–∞ –Ω–∞–≥—Ä–∞–¥—ã –≤—ã–¥–µ–ª–µ–Ω–æ $5 –º–ª–Ω –≤ $UNI. –î–ª—è —É—á–∞—Å—Ç–∏—è –Ω–µ–æ–±—Ö–æ–¥–∏–º–æ –¥–æ–±–∞–≤–∏—Ç—å –ª–∏–∫–≤–∏–¥–Ω–æ—Å—Ç—å –≤ –ø—É–ª—ã –Ω–∞ [Uniswap](https://app.uniswap.org/explore/pools). –ü—É–ª—ã –±—É–¥—É—Ç –æ–±–Ω–æ–≤–ª—è—Ç—å—Å—è –∫–∞–∂–¥—ã–µ 2 –Ω–µ–¥–µ–ª–∏, –≤—Å–µ–≥–æ –∏–≤–µ–Ω—Ç –ø—Ä–æ–¥–ª–∏—Ç—Å—è 3 –º–µ—Å—è—Ü–∞.

üëç[Sonic SVM –∑–∞–ø—É—Å—Ç–∏–ª–∏](https://x.com/SonicSVM/status/1910230532337914328) Airdrop –∫–∞–º–ø–∞–Ω–∏—é —Å –ø—É–ª–æ–º 2.4 –º–ª–Ω $SONIC –Ω–∞ [Galxe](https://app.galxe.com/quest/SonicSVM/GCafMt1z1n). –î–ª—è —É—á–∞—Å—Ç–∏—è –≤—ã–ø–æ–ª–Ω—è–µ–º –∑–∞–¥–∞–Ω–∏—è –Ω–∞ [Galxe](https://app.galxe.com/quest/SonicSVM/GCafMt1z1n), –∞ —Ç–∞–∫–∂–µ –Ω–∞ [–ø–ª–∞—Ç—Ñ–æ—Ä–º–µ](https://mobius.sonic.game/). **–î–µ–¥–ª–∞–π–Ω**: 8 –º–∞—è, 19:00 –ø–æ –ú–°–ö.

üëç[Shogun –∑–∞–ø—É—Å—Ç–∏–ª–∏](https://x.com/gundotfun) –ø—Ä–æ–≥—Ä–∞–º–º—É –Ω–∞ [Galxe](https://app.galxe.com/quest/shogun/GCXPCt1jcH) —Å —Ñ–∞—Ä–º–æ–º –ø–æ–∏–Ω—Ç–æ–≤. –í—ã–ø–æ–ª–Ω—è–µ–º –ø–µ—Ä–≤—ã–µ –∫–≤–µ—Å—Ç—ã –Ω–∞ [—Å—Ç—Ä–∞–Ω–∏—Ü–µ](https://app.galxe.com/quest/shogun/GCXPCt1jcH). –ü—Ä–æ–µ–∫—Ç [–ø—Ä–∏–≤–ª–µ–∫](https://cryptorank.io/ico/shogun#funding-rounds) $6.9 –º–ª–Ω –æ—Ç Polychain, Arrington, Mirana –∏ –¥—Ä—É–≥–∏—Ö. **–î–µ–¥–ª–∞–π–Ω**: 31 –¥–µ–∫–∞–±—Ä—è, 8:00 –ø–æ –ú–°–ö.

üëç **–ü–æ–ª–µ–∑–Ω—ã–µ —Å—Å—ã–ª–∫–∏:** 
üëç[–ê–ø—Ä–µ–ª—å—Å–∫–∏–π –º–∞—Ä—à—Ä—É—Ç](https://t.me/whitelist1/5910)
üëç[–¢–∞–±–ª–∏—Ü–∞ —Ä–µ—Ç—Ä–æ–¥—Ä–æ–ø–æ–≤](https://whitelist1.media/retrodrop) 
üëç[–ö—Ä–∏–ø—Ç–æ-–∫–∞–ª–µ–Ω–¥–∞—Ä—å](https://t.me/whitelist1/5867) 
üëç[–û–±–º–µ–Ω —Ñ–∏–∞—Ç ‚Äî –∫—Ä–∏–ø—Ç–∞](https://t.me/whitelist1/5647) 
 
**–í—Å–µ–º –ø—Ä–æ–¥—É–∫—Ç–∏–≤–Ω–æ–π —Ä–∞–±–æ—Ç—ã –∏ –Ω–∏–∑–∫–æ–≥–æ –≥–∞–∑–∞** üöÄ

[**Whitelist**](https://t.me/whitelist1)** **| [Chat](https://t.me/whitelistchat) | [Media links](https://whitelist1.media/ru)",,2025-04-16 11:36:38.607139+00,true,false,,,,,Market Commentary,,"[""$KERNEL"",""$WCT"",""$GM"",""$UNI"",""$SONIC""]"
63eee3f4-5aa9-43a0-ac72-69346fd61088,Opensea,General Update,"Opensea is integrating Solana, initially for token trading and later for NFTs.  Early access is offered via a tweet.",[],[],,Leave your SOL wallet address under the specified tweet.,Don | Invest Blog,https://t.me/c/1423540718/4416,2025-04-15 06:57:01+00,"**Opensea –∏–Ω—Ç–µ–≥—Ä–∏—Ä—É–µ—Ç Solana**. –û—Å—Ç–∞–≤—å—Ç–µ –ø–æ–¥ [**—Ç–≤–∏—Ç—Ç–æ–º**](https://x.com/opensea/status/1911911008794460360) –∞–¥—Ä–µ—Å SOL-–∫–æ—à–µ–ª—å–∫–∞, —á—Ç–æ–±—ã –ø–æ–ª—É—á–∏—Ç—å –≤–æ–∑–º–æ–∂–Ω–æ—Å—Ç—å —Ä–∞–Ω–Ω–µ–≥–æ –¥–æ—Å—Ç—É–ø–∞! 

–°–Ω–∞—á–∞–ª–∞ –æ–±–µ—â–∞—é—Ç –æ—Ç–∫—Ä—ã—Ç—å —Ç–æ—Ä–≥–æ–≤–ª—é —Ç–æ–∫–µ–Ω–∞–º–∏, –ø–æ—Ç–æ–º NFT. OS –≤—Å–µ —Å–∏–ª—å–Ω–µ–µ —Ç—è–Ω–µ—Ç –æ–¥–µ—è–ª–æ –Ω–∞ —Å–µ–±—è, —á—Ç–æ–±—ã –∑–∞—Ä–∞–±–∞—Ç—ã–≤–∞—Ç—å –µ—â–µ –±–æ–ª—å—à–µ –Ω–∞ –∫–æ–º–∏—Å—Å–∏—è—Ö. –ù–æ–≤—ã–π –≥–ª–∞–≤–∞ –º–∞—Ä–∫–µ—Ç–∏–Ω–≥–∞ –æ—Ç—Ä–∞–±–∞—Ç—ã–≤–∞–µ—Ç —Å–≤–æ—é –ó–ü –Ω–∞ –≤—Å–µ 100%üòä",,2025-04-16 11:36:35.065925+00,true,false,,,,,Project Update,false,
62d27aa4-0540-428c-872f-4caf3537ae00,,,"KiloEx experienced a significant price manipulation exploit due to a smart contract vulnerability, resulting in a $7.5 million loss and a 30% drop in the KILO token price within 24 hours.  The incident is described as exploitable rather than a traditional hack.",,,,,"CRYPTON | –ë–∏—Ç–∫–æ–∏–Ω, DeFi, WEB 3",https://t.me/c/1307909848/15182,2025-04-15 06:01:47+00,"**üëÄ**** KiloEx –Ω–µ —É—Å–ª–µ–¥–∏–ª–∏ –∑–∞ —Ü–µ–Ω–∞–º–∏**
#–û–±—Å—É–∂–¥–∞–µ–º–æ–µ 

–í—á–µ—Ä–∞ –ø–æ–∑–¥–Ω–æ –≤–µ—á–µ—Ä–æ–º —Å KiloEx –≤—ã–≤–µ–ª–∏ $7,5 –º–ª–Ω. –ü—Ä–æ–µ–∫—Ç –ø–æ—á—Ç–∏ –º–æ–º–µ–Ω—Ç–∞–ª—å–Ω–æ [**–æ–±—ä—è–≤–∏–ª**](https://x.com/KiloEx_perp/status/1911899600849617330) –æ –≤–∑–ª–æ–º–µ.

__–û–¥–Ω–∞–∫–æ –ø—Ä–æ–∏–∑–æ—à–µ–¥—à–µ–µ —Å–ª–æ–∂–Ω–æ –Ω–∞–∑–≤–∞—Ç—å –≤–∑–ª–æ–º–æ–º.__

**üñ§**** –í —Å–º–∞—Ä—Ç-–∫–æ–Ω—Ç—Ä–∞–∫—Ç–∞—Ö **[**–±—ã–ª–∞ —É—è–∑–≤–∏–º–æ—Å—Ç—å**](https://x.com/TikkalaResearch/status/1911910416969765024)**, –ø–æ–∑–≤–æ–ª—è—é—â–∞—è –∏–∑–º–µ–Ω—è—Ç—å —Ü–µ–Ω—É –∞–∫—Ç–∏–≤–∞ –ø—Ä–∏ –æ—Ç–∫—Ä—ã—Ç–∏–∏ –ª–æ–Ω–≥–∞/—à–æ—Ä—Ç–∞.**

__–í–ø–∏—Å—ã–≤–∞–µ—à—å, —á—Ç–æ BTC —Å—Ç–æ–∏—Ç $100, –∏ –æ—Ç–∫—Ä—ã–≤–∞–µ—à—å –ª–æ–Ω–≥. –ú–æ–º–µ–Ω—Ç–∞–ª—å–Ω—ã–µ –∏–∫—Å—ã ____üëç____
__
–¢–µ–º –≤—Ä–µ–º–µ–Ω–µ–º $KILO –ø–æ—Ç–µ—Ä—è–ª 30% —Å—Ç–æ–∏–º–æ—Å—Ç–∏ –∑–∞ —Å—É—Ç–∫–∏.

[**–ó–∞—Ä–∞–±–∞—Ç—ã–≤–∞–µ–º –≤–º–µ—Å—Ç–µ** |](https://crypton.xyz/news1) [**–ß–∞—Ç**](https://t.me/+QqdwO76YcwFmZmVi)** **| [**–≠–∫–æ—Å–∏—Å—Ç–µ–º–∞ Crypton**](https://crypton.xyz/news)",,2025-04-16 11:36:31.425306+00,true,false,,,,,Market Commentary,,"[""BTC"",""KILO""]"
5045e123-10b5-4edb-8deb-a8538b0abc56,Privasea,Airdrop Check,"Privasea, a project that raised $16.1 million, requires users to complete a verification process involving a liveness check and voting to potentially receive airdropped tokens.","[""https://cryptorank.io/ico/privasea#funding-rounds"",""https://agent.privasea.ai/index""]",[],16.04.25 –≥. –≤ 09:00 –ø–æ –ú–°–ö,Verify identity using ImHuman app and vote in three polls on the Privasea website.,PROFIT DRIVE,https://t.me/c/1763849936/2175,2025-04-15 06:01:01+00,"üö® **#Privasea**** ****#airdrop**** - –ø—Ä–æ—Ö–æ–¥–∏–º –≤–µ—Ä–∏—Ñ–∏–∫–∞—Ü–∏—é**

[**Privasea** ](https://twitter.com/Privasea_ai)- –ø—Ä–æ–µ–∫—Ç [**—Å–æ–±—Ä–∞–≤—à–∏–π**](https://cryptorank.io/ico/privasea#funding-rounds) $16.1 –º–ª–Ω –∏–Ω–≤–µ—Å—Ç–∏—Ü–∏–π, –≤ —Ç–µ—Å—Ç–Ω–µ—Ç–µ –∫–æ—Ç–æ—Ä–æ–≥–æ –º—ã [**–ø—Ä–∏–Ω–∏–º–∞–ª–∏**](https://t.me/profitcryptonews/395) —É—á–∞—Å—Ç–∏–µ, [**–ø–æ–ª—É—á–∞–ª–∏**](https://t.me/profitcryptonews/637) —Ä–æ–ª–∏ –≤ –¥–∏—Å–∫–æ—Ä–¥–µ –∏ [**–ø—Ä–æ—Ö–æ–¥–∏–ª–∏**](https://t.me/profit_drive/1843) KYC 


‚ÑπÔ∏è –ù–µ–¥–∞–≤–Ω–æ –ø—Ä–æ–µ–∫—Ç [**–∑–∞–≤–µ—Ä—à–∏–ª**](https://t.me/profitcryptonews/1826) —Ç–µ—Å—Ç–Ω–µ—Ç, –Ω–∞ –∫–æ—Ç–æ—Ä—ã–π –≤—ã–¥–µ–ª–µ–Ω–æ 10% –æ—Ç –æ–±—â–µ–≥–æ –æ–±—ä–µ–º–∞ —Ç–æ–∫–µ–Ω–æ–≤. –¢–∞–∫–∂–µ –±—ã–ª [**—Å–¥–µ–ª–∞–ª**](https://t.me/profitcryptonews/2072) —Å–Ω–µ–ø—à–æ—Ç –∞–∫—Ç–∏–≤–Ω—ã—Ö —É—á–∞—Å—Ç–Ω–∏–∫–æ–≤, –∏ —Å–µ–π—á–∞—Å –º—ã –æ–∂–∏–¥–∞–µ–º –¥—Ä–æ–ø


–°–µ–π—á–∞—Å –ø—Ä–æ–µ–∫—Ç –ø—Ä–æ—Å–∏—Ç –ø—Ä–æ–π—Ç–∏ –≤–µ—Ä–∏—Ñ–∏–∫–∞—Ü–∏—é –∏ [**–ø—Ä–∏–Ω—è—Ç—å**](https://x.com/PrivaseaAngler/status/1910245296019550367) —É—á–∞—Å—Ç–∏–µ –≤ –≤–∞–∂–Ω—ã—Ö –≥–æ–ª–æ—Å–æ–≤–∞–Ω–∏—è—Ö


‚úÖ **–ß—Ç–æ –¥–µ–ª–∞–µ–º:**
1Ô∏è‚É£–ò–¥—ë–º –Ω–∞ [**—Å–∞–π—Ç**](https://agent.privasea.ai/index) –∏ –ø–æ–¥–∫–ª—é—á–∞–µ–º –∫–æ—à–µ–ª—ë–∫ –º–µ—Ç–∞–º–∞—Å–∫ ([**—Å–∫—Ä–∏–Ω**](https://ibb.co/vCnSBtWD))
2Ô∏è‚É£–ñ–º–µ–º ¬´Verify your human liveness¬ª –∏ –ø–æ–¥–ø–∏—Å—ã–≤–∞–µ–º —Ç—Ä–∞–Ω–∑–∞–∫—Ü–∏—é ([**—Å–∫—Ä–∏–Ω**](https://ibb.co/gZKz2gS4))
3Ô∏è‚É£–ü–æ–≤—Ç–æ—Ä–Ω–æ –∂–º–µ–º ¬´Verify your human liveness¬ª –∏ –∫–æ–ø–∏—Ä—É–µ–º –∫–æ–¥ ([**—Å–∫—Ä–∏–Ω**](https://ibb.co/8n8TjS0r))
4Ô∏è‚É£–ò–¥—ë–º –≤ –ø—Ä–∏–ª–æ–∂–µ–Ω–∏–µ –Ω–∞ —Ç–µ–ª–µ—Ñ–æ–Ω–µ ¬´ImHuman¬ª (—É—Å—Ç–∞–Ω–∞–≤–ª–∏–≤–∞–ª–∏ –≤ [**—ç—Ç–æ–º –ø–æ—Å—Ç–µ**](https://t.me/profit_drive/1843))
5Ô∏è‚É£–°–Ω–∏–∑—É –≤—ã–±–∏—Ä–∞–µ–º ¬´Proof¬ª –∏ –∑–∞—Ç–µ–º  ¬´Liveness chack¬ª
6Ô∏è‚É£–í—Å—Ç–∞–≤–ª—è–µ–º —Å–∫–æ–ø–∏—Ä–æ–≤–∞–Ω–Ω—ã–π –∫–æ–¥ –∏ –ø—Ä–æ—Ö–æ–¥–∏–º –≤–µ—Ä–∏—Ñ–∏–∫–∞—Ü–∏—é ([**—Å–∫—Ä–∏–Ω**](https://ibb.co/0VvZ6GnQ))

‚ú≥Ô∏è–í–æ –≤—Ä–µ–º—è —Å–∫–∞–Ω–∏—Ä–æ–≤–∞–Ω–∏—è –ª–∏—Ü–∞ –≤–∞—Å —Å–Ω–∞—á–∞–ª–∞ –ø–æ–ø—Ä–æ—Å—è—Ç –∑–∞–∫—Ä—ã—Ç—å –∏ –æ—Ç—Ä—ã—Ç—å –≥–ª–∞–∑–∞, –∑–∞—Ç–µ–º –ø–æ–≤–µ—Ä–Ω—É—Ç—å –≥–æ–ª–æ–≤—É –Ω–∞–ª–µ–≤–æ, –∑–∞—Ç–µ–º –Ω–∞–ø—Ä–∞–≤–æ –∏ –≤–Ω–∏–∑, –µ—Å–ª–∏ –≤—Å–µ —Å–¥–µ–ª–∞–ª–∏ –ø—Ä–∞–≤–∏–ª—å–Ω–æ, —Ç–æ —É–≤–∏–¥–∏—Ç–µ –ø–æ–∑–¥—Ä–∞–≤–ª–µ–Ω–∏–µ ([**—Å–∫—Ä–∏–Ω**](https://ibb.co/67757xL3))

7Ô∏è‚É£–¢–æ–ª—å–∫–æ –ø–æ—Å–ª–µ —ç—Ç–æ–≥–æ –≤–æ–∑–≤—Ä–∞—â–∞–µ–º—Å—è –Ω–∞ –ø—Ä–µ–¥—ã–¥—É—â–∏–π —Å–∞–π—Ç –∏ –∂–º–µ–º ¬´Confirm¬ª ([**—Å–∫—Ä–∏–Ω**](https://ibb.co/VpwMfYvX))
8Ô∏è‚É£–ü–æ—Å–ª–µ –æ—Ç–¥–∞—ë–º –≥–æ–ª–æ—Å –≤ —Ç—Ä—ë—Ö –≥–æ–ª–æ—Å–æ–≤–∞–Ω–∏—è—Ö, –Ω–∞–∂–∞–≤ ¬´Vote¬ª ([**—Å–∫—Ä–∏–Ω**](https://ibb.co/LdjMWQp4))


üìèüìèüìèüìèüìèüìèüìè

üïò **–í—Ä–µ–º—è –≤—ã–ø–æ–ª–Ω–µ–Ω–∏—è: **‚âà 3 –º–∏–Ω—É—Ç—ã

üí∞ **–§–∏–Ω–∞–Ω—Å–æ–≤—ã–µ –∑–∞—Ç—Ä–∞—Ç—ã:** ‚âà 0$ 

üìÜ **–î–µ–¥–ª–∞–π–Ω:** 16.04.25 –≥. –≤ 09:00 –ø–æ –ú–°–ö


–í—Ä–µ–º–µ–Ω–∏ –Ω–∞ –≤—ã–ø–æ–ª–Ω–µ–Ω–∏–µ –≤—Å–µ—Ö —ç—Ç–∏—Ö –¥–µ–π—Å—Ç–≤–∏–π –æ—Å—Ç–∞–ª–æ—Å—å –º–µ–Ω—å—à–µ —Å—É—Ç–æ–∫, –∏ –æ–Ω–∏ –º–æ–≥—É—Ç –ø–æ–≤–ª–∏—è—Ç—å –Ω–∞ –±—É–¥—É—â–∏–π –¥—Ä–æ–ø, –ø–æ—ç—Ç–æ–º—É –≤—Å–µ–º, –∫—Ç–æ –≤—ã–ø–æ–ª–Ω—è–ª [**–∞–∫—Ç–∏–≤–Ω–æ—Å—Ç–∏**](https://t.me/profit_drive/1843) –≤ –ø—Ä–æ–µ–∫—Ç–µ –∏ —Å–æ–≤—Å–µ–º –Ω–µ–¥–∞–≤–Ω–æ [**–ø–æ–ª—É—á–∞–ª**](https://t.me/profitcryptonews/1859) –∑–≤–µ–∑–¥—ã –Ω–∞ intract, —Ä–µ–∫–æ–º–µ–Ω–¥—É—é –Ω–µ –ø—Ä–æ–ø—É—Å–∫–∞—Ç—å! –ü–æ –º–æ–µ–π –∏–Ω—Ñ–æ—Ä–º–∞—Ü–∏–∏ –¥—Ä–æ–ø —É–∂–µ –æ—á–µ–Ω—å —Å–∫–æ—Ä–æ!


–û –≤—Å–µ—Ö –Ω–æ–≤–æ—Å—Ç—è—Ö –∏ –¥—Ä–æ–ø–µ —è –æ–±—è–∑–∞—Ç–µ–ª—å–Ω–æ –≤—ã–ø—É—â—É –æ—Ç–¥–µ–ª—å–Ω—ã–π –ø–æ—Å—Ç –≤ –æ–¥–Ω–æ–º –∏–∑ –∫–∞–Ω–∞–ª–æ–≤: –≤ üëâ [**–ø–µ—Ä–≤–æ–º**](https://t.me/Profit_Drive) –∏–ª–∏ üëâ [**–≤—Ç–æ—Ä–æ–º**](https://t.me/ProfitCryptoNews), —Ç–∞–∫ —á—Ç–æ –æ–±—è–∑–∞—Ç–µ–ª—å–Ω–æ –ø–æ–¥–ø–∏—à–∏—Å—å –Ω–∞ –æ–±–∞, —á—Ç–æ–±—ã –Ω–∏—á–µ–≥–æ –Ω–µ –ø—Ä–æ–ø—É—Å—Ç–∏—Ç—å‚úä

üìèüìèüìèüìèüìèüìèüìè
**
****üìà**** –°–∫–∏–¥–∫–∞ –Ω–∞ –±–∏—Ä–∂–∏:  ****üìà**[**Bybit**](https://bit.ly/BYBIT-RU)** | ****üìà**[**OKX**](https://bit.ly/OKX-RU)** | ****üìà**[**Kucoin**](https://bit.ly/Exchange-KuCoin)** | ****üìà**[**Bitget**](https://bit.ly/BitGET)** | ****üìà**[**Gate**](https://www.gate.io/ru/signup/3294310)** | ****üí∞**[**Binance**](https://bit.ly/Binance-BONUS)**

****üßë‚Äçüíª**** **[**–í—Å–µ**](https://t.me/ProfiT_Mafia/82)** **[**–¥–ª—è –º—É–ª—å—Ç–∏-–∞–∫–∫–∞—É–Ω—Ç–æ–≤**](https://t.me/ProfiT_Mafia/82)**

****üíé**** **[**–ü—Ä–∏–≤–∞—Ç–Ω—ã–π –∫–∞–Ω–∞–ª –ø–æ –Ω–æ–¥–∞–º**](https://t.me/ProfitNodes_bot)**

****üïú** [**–û—Ç–ª–∏—á–Ω—ã–π VPN**](https://codeaven.com/g/d6ig17yj38d717cf5076cfba9fca8a/)**

****üåê**[** **](https://t.me/+xAe925KjONBhYTRi)[**PROFIT DRIVE**](https://t.me/Profit_Drive)",,2025-04-16 11:36:27.41974+00,true,false,,,,,Project Update,false,
54579e6d-2369-43db-b42f-4d0c742ee9f6,,,"A mention of DARK reaching $20M, linked to a TradingView chart.",,,,,–ì–µ—Ä–º–∞–Ω –Ω–∞ –±–ª–æ–∫—á–µ–π–Ω–µ üá™üáπ,https://t.me/c/1293287526/20993,2025-04-15 05:15:18+00,"#DARK $20M

https://www.tradingview.com/x/NXWvdoJ2/",,2025-04-16 11:36:22.837882+00,true,false,,,,,Market Commentary,,"[""DARK""]"
cc82cb53-94de-43e6-a065-f3bf87f0abd7,Shogun,Quest/Task,"Shogun, a protocol for traders, is offering a drop. Users can earn points by completing quests on Galxe.","[""https://cryptorank.io/ru/ico/shogun#funding-rounds""]",[],,"Connect to the Galxe site, complete quests, and farm points.",Heavy Crypto,https://t.me/c/1386987265/9836,2025-04-14 19:13:29+00,"**–§–∞—Ä–º–∏–º –¥—Ä–æ–ø –æ—Ç Shogun**

[**Shogun**](https://x.com/gundotfun) ‚Äî —ç—Ç–æ –ø—Ä–æ—Ç–æ–∫–æ–ª, –∫–æ—Ç–æ—Ä—ã–π –ø–æ–º–æ–≥–∞–µ—Ç —Ç—Ä–µ–π–¥–µ—Ä–∞–º –ø–æ–ª—É—á–∞—Ç—å –º–∞–∫—Å–∏–º—É–º –≤—ã–≥–æ–¥—ã –æ—Ç –æ—Ä–¥–µ—Ä–æ–≤.

üí≥ –ü—Ä–æ–µ–∫—Ç [**—Å–æ–±—Ä–∞–ª**](https://cryptorank.io/ru/ico/shogun#funding-rounds) 6.9–º–ª–Ω$ –∏–Ω–≤–µ—Å—Ç–∏—Ü–∏–π Polychain Capital, Bryan Pellegrino, dao5.

üìñ **–ß—Ç–æ –Ω—É–∂–Ω–æ –¥–µ–ª–∞—Ç—å?**

‚ñ™Ô∏è–ü–æ–¥–∫–ª—é—á–∞–µ–º—Å—è –Ω–∞ [**—Å–∞–π—Ç–µ**](https://app.galxe.com/quest/shogun/GCXPCt1jcH)
‚ñ™Ô∏è–í—ã–ø–æ–ª–Ω—è–µ–º –∫–≤–µ—Å—Ç—ã
‚ñ™Ô∏è–§–∞—Ä–º–∏–º –ø–æ–∏–Ω—Ç—ã

–¢–æ–∫–µ–Ω –∏ –¥—Ä–æ–ø —É –ø—Ä–æ–µ–∫—Ç–∞ —É–∂–µ –ø–æ–¥—Ç–≤–µ—Ä–∂–¥–µ–Ω—ã, –ø–æ—ç—Ç–æ–º—É —è —Ç–æ—á–Ω–æ –±—É–¥—É –æ—Ç—Ä–∞–±–∞—Ç—ã–≤–∞—Ç—å.

[**–ö–∞–Ω–∞–ª**](https://t.me/heavycryptos)** | **[**–ß–∞—Ç**](https://t.me/heavycryptochat)** | **[**–ê–¥–º–∏–Ω**](https://t.me/olejk_2k)",,2025-04-16 11:36:19.220497+00,true,false,,,,,Project Update,false,